OrderID,OrderDate,Category,Subcategory,Product,Region,Quantity,UnitPrice,UnitCost,Sales
O00001,2024-04-12,Grocery,Oil,Oil 660,North,1,24.07,20.44,24.07
O00002,2024-12-14,Fashion,T-shirt,T-shirt 576,West,5,79.08,59.8,395.4
O00003,2024-09-27,Home,Blender,Blender 321,West,3,303.26,218.43,909.78
O00004,2024-04-16,Home,Air Purifier,Air Purifier 977,East,4,85.01,56.76,340.04
O00005,2024-03-12,Home,Blender,Blender 427,North,4,35.86,27.54,143.44
O00006,2024-07-07,Home,Mixer,Mixer 195,East,5,77.72,48.56,388.6
O00007,2024-01-21,Grocery,Oil,Oil 106,West,3,25.55,17.4,76.65
O00008,2024-04-12,Home,Air Purifier,Air Purifier 996,North,5,154.1,119.58,770.5
O00009,2024-05-01,Fashion,T-shirt,T-shirt 355,West,3,116.07,79.66,348.21
O00010,2024-08-02,Home,Mixer,Mixer 227,South,5,115.09,94.79,575.45
O00011,2024-11-26,Grocery,Rice,Rice 300,South,3,48.82,34.21,146.46
O00012,2024-03-28,Home,Vacuum,Vacuum 227,East,4,64.09,51.63,256.36
O00013,2024-04-09,Electronics,Laptop,Laptop 728,West,1,118.56,92.48,118.56
O00014,2024-12-25,Home,Vacuum,Vacuum 920,North,3,158.96,120.54,476.88
O00015,2024-05-31,Fashion,Jeans,Jeans 918,North,1,56.99,44.71,56.99
O00016,2024-05-10,Electronics,Camera,Camera 286,East,2,111.37,92.31,222.74
O00017,2024-05-29,Fashion,Jacket,Jacket 647,East,2,42.55,27.82,85.1
O00018,2024-11-04,Fashion,Jacket,Jacket 116,East,3,37.28,23.07,111.84
O00019,2024-09-14,Electronics,Phone,Phone 207,North,3,641.33,397.27,1923.99
O00020,2024-12-09,Grocery,Snacks,Snacks 914,South,2,24.89,17.71,49.78
O00021,2024-10-20,Grocery,Oil,Oil 636,West,3,45.42,36.89,136.26
O00022,2024-07-10,Home,Mixer,Mixer 893,West,3,61.14,50.83,183.42
O00023,2024-10-03,Electronics,Laptop,Laptop 693,South,5,712.41,595.62,3562.05
O00024,2024-06-09,Fashion,Jeans,Jeans 287,West,3,33.45,21.99,100.35
O00025,2024-11-09,Electronics,Laptop,Laptop 615,East,5,267.93,214.61,1339.65
O00026,2024-01-22,Electronics,Laptop,Laptop 269,North,5,232.77,141.08,1163.85
O00027,2024-09-09,Home,Vacuum,Vacuum 576,East,5,112.86,69.2,564.3
O00028,2024-08-23,Home,Mixer,Mixer 488,West,1,271.71,191.65,271.71
O00029,2024-12-10,Electronics,Laptop,Laptop 531,North,3,566.25,423.15,1698.75
O00030,2024-02-18,Electronics,Phone,Phone 809,South,1,542.96,337.91,542.96
O00031,2024-02-28,Fashion,Jacket,Jacket 759,East,3,46.7,30.72,140.1
O00032,2024-06-18,Electronics,Headphones,Headphones 987,South,5,293.35,246.21,1466.75
O00033,2024-07-06,Home,Mixer,Mixer 244,North,1,134.99,97.57,134.99
O00034,2024-09-27,Grocery,Snacks,Snacks 716,West,3,8.59,5.35,25.77
O00035,2024-07-08,Grocery,Snacks,Snacks 562,East,4,33.51,20.4,134.04
O00036,2024-06-23,Grocery,Rice,Rice 701,North,3,41.07,32.07,123.21
O00037,2024-02-20,Home,Vacuum,Vacuum 797,North,4,114.86,85.93,459.44
O00038,2024-12-29,Fashion,Jacket,Jacket 191,West,2,49.65,40.57,99.3
O00039,2024-02-24,Electronics,Headphones,Headphones 799,East,1,411.83,319.06,411.83
O00040,2024-08-31,Fashion,T-shirt,T-shirt 650,East,5,64.18,42.18,320.9
O00041,2024-11-15,Fashion,Jeans,Jeans 145,West,2,96.5,64.82,193.0
O00042,2024-05-10,Fashion,T-shirt,T-shirt 566,North,1,128.31,81.11,128.31
O00043,2024-11-02,Home,Air Purifier,Air Purifier 963,South,1,100.22,79.9,100.22
O00044,2024-05-14,Grocery,Oil,Oil 121,West,3,28.93,20.78,86.79
O00045,2024-01-21,Home,Blender,Blender 480,East,2,309.1,235.5,618.2
O00046,2024-11-24,Grocery,Snacks,Snacks 637,North,3,40.72,31.39,122.16
O00047,2024-06-15,Home,Vacuum,Vacuum 256,South,5,121.48,97.03,607.4
O00048,2024-09-30,Fashion,Jacket,Jacket 847,West,2,35.35,29.61,70.7
O00049,2024-03-29,Grocery,Beverage,Beverage 356,North,5,22.59,19.11,112.95
O00050,2024-11-11,Home,Blender,Blender 159,South,2,42.7,31.42,85.4
O00051,2024-01-14,Home,Mixer,Mixer 486,North,5,42.68,33.73,213.4
O00052,2024-08-29,Electronics,Camera,Camera 993,West,5,553.73,415.07,2768.65
O00053,2024-09-21,Grocery,Beverage,Beverage 820,West,1,28.84,24.4,28.84
O00054,2024-12-11,Grocery,Rice,Rice 201,South,2,39.5,31.18,79.0
O00055,2024-02-22,Electronics,Camera,Camera 691,East,3,199.73,126.95,599.19
O00056,2024-12-05,Home,Vacuum,Vacuum 324,West,4,273.13,168.82,1092.52
O00057,2024-04-01,Electronics,Phone,Phone 189,North,1,665.75,562.14,665.75
O00058,2024-09-20,Home,Vacuum,Vacuum 515,South,2,179.49,110.03,358.98
O00059,2024-02-04,Electronics,Laptop,Laptop 489,West,2,436.0,321.88,872.0
O00060,2024-07-24,Home,Vacuum,Vacuum 623,South,3,242.49,181.46,727.47
O00061,2024-03-21,Electronics,Phone,Phone 408,North,3,225.78,184.68,677.34
O00062,2024-02-19,Fashion,Jacket,Jacket 742,East,4,43.16,36.41,172.64
O00063,2024-12-25,Grocery,Oil,Oil 961,East,3,18.57,13.29,55.71
O00064,2024-01-02,Electronics,Headphones,Headphones 661,South,5,116.42,84.55,582.1
O00065,2024-02-23,Electronics,Headphones,Headphones 873,West,1,579.85,478.48,579.85
O00066,2024-04-15,Fashion,Jeans,Jeans 836,East,3,28.26,21.42,84.78
O00067,2024-09-16,Fashion,Jeans,Jeans 392,West,4,56.66,41.26,226.64
O00068,2024-11-05,Electronics,Laptop,Laptop 937,North,1,400.08,299.35,400.08
O00069,2024-07-09,Electronics,Headphones,Headphones 559,North,1,96.59,72.16,96.59
O00070,2024-08-05,Grocery,Beverage,Beverage 961,North,3,21.12,14.45,63.36
O00071,2024-02-13,Electronics,Phone,Phone 786,North,4,772.52,580.46,3090.08
O00072,2024-06-10,Electronics,Camera,Camera 350,North,1,667.74,493.82,667.74
O00073,2024-07-20,Electronics,Camera,Camera 584,South,2,644.28,422.76,1288.56
O00074,2024-09-26,Electronics,Headphones,Headphones 350,North,1,784.79,565.03,784.79
O00075,2024-12-16,Fashion,Jeans,Jeans 527,South,1,51.74,37.79,51.74
O00076,2024-10-30,Home,Blender,Blender 451,East,5,244.11,187.51,1220.55
O00077,2024-09-27,Home,Mixer,Mixer 244,East,2,163.54,118.45,327.08
O00078,2024-08-02,Home,Blender,Blender 168,East,1,32.93,23.0,32.93
O00079,2024-09-08,Electronics,Laptop,Laptop 684,South,4,800.28,654.38,3201.12
O00080,2024-07-08,Electronics,Phone,Phone 693,East,1,443.41,355.6,443.41
O00081,2024-10-22,Electronics,Phone,Phone 175,East,3,400.37,272.71,1201.11
O00082,2024-07-31,Home,Air Purifier,Air Purifier 721,East,5,228.81,170.87,1144.05
O00083,2024-07-26,Home,Vacuum,Vacuum 728,South,1,120.35,86.63,120.35
O00084,2024-08-24,Electronics,Laptop,Laptop 597,North,4,239.45,192.34,957.8
O00085,2024-12-03,Grocery,Snacks,Snacks 882,East,5,18.49,15.38,92.45
O00086,2024-02-22,Grocery,Rice,Rice 243,North,3,37.65,27.66,112.95
O00087,2024-10-06,Home,Blender,Blender 450,South,2,99.28,64.06,198.56
O00088,2024-08-04,Grocery,Oil,Oil 183,East,5,43.96,36.46,219.8
O00089,2024-09-08,Grocery,Oil,Oil 825,East,1,18.37,14.78,18.37
O00090,2024-07-06,Grocery,Rice,Rice 958,South,1,13.57,10.03,13.57
O00091,2024-02-10,Electronics,Camera,Camera 538,South,3,789.72,625.19,2369.16
O00092,2024-06-05,Home,Mixer,Mixer 531,East,1,132.21,82.49,132.21
O00093,2024-01-15,Electronics,Headphones,Headphones 540,East,4,521.75,395.49,2087.0
O00094,2024-10-27,Home,Mixer,Mixer 852,South,3,117.74,83.77,353.22
O00095,2024-03-05,Fashion,Sneakers,Sneakers 720,West,4,82.1,67.85,328.4
O00096,2024-12-10,Home,Blender,Blender 524,West,5,192.42,126.36,962.1
O00097,2024-11-22,Fashion,Jacket,Jacket 811,North,1,63.34,42.3,63.34
O00098,2024-01-09,Home,Air Purifier,Air Purifier 869,South,4,95.77,81.26,383.08
O00099,2024-12-09,Home,Mixer,Mixer 944,East,2,154.96,130.07,309.92
O00100,2024-05-08,Electronics,Headphones,Headphones 756,East,1,403.69,318.53,403.69
O00101,2024-05-15,Grocery,Beverage,Beverage 729,West,4,45.86,38.68,183.44
O00102,2024-03-03,Electronics,Camera,Camera 555,West,4,371.15,246.54,1484.6
O00103,2024-05-18,Fashion,Jacket,Jacket 848,North,5,104.75,68.8,523.75
O00104,2024-03-21,Home,Mixer,Mixer 361,North,2,247.19,202.28,494.38
O00105,2024-06-11,Fashion,Jeans,Jeans 257,East,4,27.61,20.9,110.44
O00106,2024-10-15,Grocery,Oil,Oil 229,South,3,19.4,12.48,58.2
O00107,2024-09-17,Fashion,Jeans,Jeans 194,South,4,83.5,56.65,334.0
O00108,2024-08-18,Home,Mixer,Mixer 636,South,5,49.7,30.14,248.5
O00109,2024-02-10,Fashion,Jacket,Jacket 757,North,4,109.29,79.4,437.16
O00110,2024-01-28,Electronics,Camera,Camera 566,East,5,115.36,70.99,576.8
O00111,2024-05-14,Home,Vacuum,Vacuum 182,North,2,328.12,277.56,656.24
O00112,2024-07-19,Electronics,Headphones,Headphones 871,North,1,260.26,196.37,260.26
O00113,2024-11-23,Fashion,Jacket,Jacket 162,North,5,69.84,49.34,349.2
O00114,2024-09-24,Electronics,Camera,Camera 697,East,5,587.0,378.16,2935.0
O00115,2024-02-02,Electronics,Laptop,Laptop 925,East,2,638.6,504.54,1277.2
O00116,2024-02-17,Grocery,Snacks,Snacks 272,North,1,58.45,46.78,58.45
O00117,2024-03-02,Grocery,Beverage,Beverage 893,North,3,28.83,18.0,86.49
O00118,2024-08-03,Home,Blender,Blender 521,South,4,321.24,242.06,1284.96
O00119,2024-10-19,Home,Mixer,Mixer 229,South,5,147.08,122.92,735.4
O00120,2024-04-08,Grocery,Beverage,Beverage 901,North,1,45.69,34.69,45.69
O00121,2024-06-20,Grocery,Snacks,Snacks 200,South,1,10.09,7.35,10.09
O00122,2024-12-25,Grocery,Rice,Rice 116,West,1,55.89,35.01,55.89
O00123,2024-08-01,Electronics,Camera,Camera 662,North,2,526.3,418.91,1052.6
O00124,2024-02-04,Fashion,Jeans,Jeans 319,North,5,70.69,43.87,353.45
O00125,2024-08-14,Electronics,Headphones,Headphones 477,West,1,462.02,351.59,462.02
O00126,2024-04-10,Fashion,Jeans,Jeans 792,East,2,31.04,23.29,62.08
O00127,2024-05-10,Grocery,Snacks,Snacks 764,West,4,17.73,13.29,70.92
O00128,2024-09-13,Grocery,Snacks,Snacks 221,South,4,37.76,22.78,151.04
O00129,2024-01-05,Grocery,Oil,Oil 401,East,1,16.43,13.88,16.43
O00130,2024-08-05,Grocery,Oil,Oil 896,East,4,31.08,25.93,124.32
O00131,2024-09-11,Electronics,Laptop,Laptop 560,South,5,307.11,248.81,1535.55
O00132,2024-12-24,Home,Air Purifier,Air Purifier 207,North,5,201.39,125.55,1006.95
O00133,2024-10-09,Fashion,T-shirt,T-shirt 614,West,5,82.33,64.66,411.65
O00134,2024-07-25,Electronics,Camera,Camera 211,West,3,328.6,253.67,985.8
O00135,2024-01-15,Electronics,Phone,Phone 517,West,4,760.76,494.97,3043.04
O00136,2024-12-11,Electronics,Phone,Phone 635,West,3,151.33,115.14,453.99
O00137,2024-02-11,Home,Air Purifier,Air Purifier 372,South,5,220.47,153.65,1102.35
O00138,2024-06-27,Fashion,Sneakers,Sneakers 987,West,5,109.55,81.11,547.75
O00139,2024-03-03,Home,Blender,Blender 505,South,2,227.74,141.03,455.48
O00140,2024-12-17,Grocery,Rice,Rice 282,West,2,46.27,31.56,92.54
O00141,2024-08-18,Electronics,Laptop,Laptop 260,East,4,215.06,145.14,860.24
O00142,2024-08-28,Electronics,Laptop,Laptop 701,West,4,141.64,111.19,566.56
O00143,2024-02-21,Grocery,Rice,Rice 353,North,4,6.36,3.85,25.44
O00144,2024-04-05,Home,Mixer,Mixer 680,South,1,316.69,207.87,316.69
O00145,2024-08-09,Electronics,Camera,Camera 737,North,4,142.31,107.84,569.24
O00146,2024-08-18,Fashion,Sneakers,Sneakers 287,South,3,79.6,59.9,238.8
O00147,2024-08-24,Electronics,Headphones,Headphones 319,West,1,575.03,385.58,575.03
O00148,2024-05-22,Fashion,Sneakers,Sneakers 828,East,4,24.27,17.16,97.08
O00149,2024-06-19,Electronics,Laptop,Laptop 295,West,1,359.78,228.39,359.78
O00150,2024-01-29,Home,Mixer,Mixer 525,East,2,259.94,213.29,519.88
O00151,2024-02-05,Home,Blender,Blender 404,West,1,54.81,35.6,54.81
O00152,2024-01-13,Fashion,Sneakers,Sneakers 697,North,5,65.63,40.84,328.15
O00153,2024-06-08,Fashion,T-shirt,T-shirt 628,North,5,66.26,51.48,331.3
O00154,2024-11-22,Home,Vacuum,Vacuum 197,South,2,39.27,30.13,78.54
O00155,2024-07-05,Grocery,Beverage,Beverage 670,East,5,31.81,19.98,159.05
O00156,2024-08-30,Home,Air Purifier,Air Purifier 977,West,3,57.91,39.53,173.73
O00157,2024-03-26,Grocery,Oil,Oil 157,East,5,17.49,12.47,87.45
O00158,2024-10-10,Grocery,Oil,Oil 535,North,2,48.27,30.23,96.54
O00159,2024-03-06,Fashion,T-shirt,T-shirt 607,East,2,62.47,45.66,124.94
O00160,2024-06-18,Grocery,Rice,Rice 203,West,5,13.24,10.97,66.2
O00161,2024-02-14,Home,Vacuum,Vacuum 382,West,4,321.96,222.4,1287.84
O00162,2024-03-02,Home,Air Purifier,Air Purifier 712,West,1,176.93,142.45,176.93
O00163,2024-05-13,Grocery,Oil,Oil 674,South,3,15.77,13.27,47.31
O00164,2024-10-10,Electronics,Headphones,Headphones 670,North,5,898.14,758.88,4490.7
O00165,2024-01-28,Fashion,Jacket,Jacket 481,East,5,123.85,101.87,619.25
O00166,2024-04-17,Home,Mixer,Mixer 494,East,5,327.24,222.06,1636.2
O00167,2024-02-13,Home,Air Purifier,Air Purifier 897,West,4,277.28,227.36,1109.12
O00168,2024-12-05,Home,Blender,Blender 406,North,4,224.7,185.68,898.8
O00169,2024-10-12,Fashion,Jeans,Jeans 882,South,3,41.49,29.78,124.47
O00170,2024-11-26,Fashion,Sneakers,Sneakers 553,North,4,101.83,78.45,407.32
O00171,2024-05-07,Electronics,Camera,Camera 242,West,1,833.98,545.32,833.98
O00172,2024-12-13,Fashion,T-shirt,T-shirt 863,East,1,110.56,88.65,110.56
O00173,2024-08-18,Electronics,Headphones,Headphones 657,South,3,689.28,480.73,2067.84
O00174,2024-07-08,Home,Vacuum,Vacuum 980,West,5,73.01,52.55,365.05
O00175,2024-08-12,Electronics,Camera,Camera 374,West,2,825.94,666.13,1651.88
O00176,2024-10-09,Electronics,Camera,Camera 607,West,5,402.52,324.97,2012.6
O00177,2024-04-30,Fashion,Sneakers,Sneakers 302,West,5,81.17,54.82,405.85
O00178,2024-04-25,Electronics,Headphones,Headphones 613,North,3,379.69,311.08,1139.07
O00179,2024-08-20,Electronics,Phone,Phone 769,South,1,690.99,551.86,690.99
O00180,2024-09-15,Grocery,Snacks,Snacks 783,East,2,8.78,5.75,17.56
O00181,2024-12-24,Electronics,Phone,Phone 400,North,1,609.78,453.03,609.78
O00182,2024-07-16,Fashion,Sneakers,Sneakers 704,West,4,64.83,53.36,259.32
O00183,2024-05-16,Home,Blender,Blender 871,North,3,205.14,129.84,615.42
O00184,2024-11-13,Home,Blender,Blender 683,North,3,232.34,196.55,697.02
O00185,2024-06-13,Fashion,Jeans,Jeans 461,South,1,23.44,15.46,23.44
O00186,2024-08-12,Electronics,Phone,Phone 800,North,5,524.27,392.01,2621.35
O00187,2024-11-02,Home,Mixer,Mixer 440,South,1,153.85,105.34,153.85
O00188,2024-08-21,Electronics,Phone,Phone 955,West,2,409.35,308.76,818.7
O00189,2024-06-20,Electronics,Headphones,Headphones 656,East,1,652.16,542.83,652.16
O00190,2024-05-31,Electronics,Camera,Camera 400,West,3,444.85,301.32,1334.55
O00191,2024-11-10,Home,Air Purifier,Air Purifier 530,West,2,33.32,25.97,66.64
O00192,2024-06-08,Fashion,T-shirt,T-shirt 183,East,4,46.38,34.74,185.52
O00193,2024-04-05,Electronics,Phone,Phone 549,West,2,807.82,621.75,1615.64
O00194,2024-08-20,Fashion,Sneakers,Sneakers 766,North,2,101.1,78.96,202.2
O00195,2024-06-28,Electronics,Laptop,Laptop 932,North,3,440.42,296.74,1321.26
O00196,2024-04-22,Fashion,T-shirt,T-shirt 393,East,2,79.04,63.56,158.08
O00197,2024-11-13,Grocery,Rice,Rice 287,South,3,12.89,10.28,38.67
O00198,2024-02-21,Grocery,Oil,Oil 174,West,3,21.43,13.39,64.29
O00199,2024-09-24,Grocery,Beverage,Beverage 106,South,3,28.35,18.19,85.05
O00200,2024-10-21,Grocery,Rice,Rice 518,West,1,20.88,15.9,20.88
O00201,2024-04-22,Fashion,Sneakers,Sneakers 303,East,3,83.78,54.83,251.34
O00202,2024-04-10,Home,Mixer,Mixer 462,East,4,97.47,59.43,389.88
O00203,2024-04-22,Grocery,Snacks,Snacks 648,South,3,31.93,25.83,95.79
O00204,2024-03-21,Home,Blender,Blender 176,North,3,187.13,158.31,561.39
O00205,2024-07-05,Fashion,Sneakers,Sneakers 773,South,4,42.99,30.93,171.96
O00206,2024-04-22,Electronics,Laptop,Laptop 440,North,3,469.56,302.53,1408.68
O00207,2024-01-02,Home,Air Purifier,Air Purifier 379,West,5,168.7,125.7,843.5
O00208,2024-05-09,Electronics,Headphones,Headphones 886,North,2,217.51,173.6,435.02
O00209,2024-08-07,Electronics,Headphones,Headphones 190,North,4,698.56,442.25,2794.24
O00210,2024-02-23,Electronics,Laptop,Laptop 283,East,5,679.34,417.41,3396.7
O00211,2024-12-08,Grocery,Rice,Rice 919,South,2,24.24,15.11,48.48
O00212,2024-08-11,Grocery,Oil,Oil 814,East,2,39.55,28.09,79.1
O00213,2024-08-12,Grocery,Rice,Rice 786,East,2,18.66,13.26,37.32
O00214,2024-05-05,Fashion,Sneakers,Sneakers 980,West,5,100.59,71.4,502.95
O00215,2024-05-09,Electronics,Camera,Camera 121,West,3,732.62,579.25,2197.86
O00216,2024-02-22,Electronics,Laptop,Laptop 646,East,3,739.13,505.09,2217.39
O00217,2024-06-20,Grocery,Oil,Oil 164,North,3,43.49,26.25,130.47
O00218,2024-08-05,Grocery,Rice,Rice 226,North,1,13.57,10.38,13.57
O00219,2024-06-08,Electronics,Camera,Camera 359,East,2,873.45,585.28,1746.9
O00220,2024-07-16,Home,Air Purifier,Air Purifier 389,South,3,115.39,96.57,346.17
O00221,2024-09-03,Electronics,Phone,Phone 479,East,3,408.11,330.78,1224.33
O00222,2024-11-19,Grocery,Oil,Oil 314,West,2,33.94,22.75,67.88
O00223,2024-07-21,Home,Blender,Blender 536,South,3,241.95,183.91,725.85
O00224,2024-07-02,Electronics,Phone,Phone 173,East,5,437.45,357.28,2187.25
O00225,2024-05-02,Home,Blender,Blender 946,West,4,183.4,123.94,733.6
O00226,2024-09-11,Home,Vacuum,Vacuum 389,East,4,86.37,62.55,345.48
O00227,2024-10-20,Home,Blender,Blender 885,South,3,74.62,59.38,223.86
O00228,2024-10-06,Grocery,Oil,Oil 988,South,1,10.81,7.15,10.81
O00229,2024-11-20,Grocery,Rice,Rice 711,West,3,14.99,10.17,44.97
O00230,2024-04-07,Home,Air Purifier,Air Purifier 570,East,5,227.12,142.86,1135.6
O00231,2024-07-16,Home,Mixer,Mixer 635,North,4,227.24,174.2,908.96
O00232,2024-08-27,Grocery,Snacks,Snacks 392,North,4,26.07,19.78,104.28
O00233,2024-05-23,Home,Mixer,Mixer 112,North,4,176.92,108.47,707.68
O00234,2024-04-06,Home,Mixer,Mixer 199,North,4,52.24,40.88,208.96
O00235,2024-07-19,Electronics,Headphones,Headphones 425,North,5,225.99,177.24,1129.95
O00236,2024-05-03,Grocery,Beverage,Beverage 412,North,4,24.66,17.06,98.64
O00237,2024-07-05,Electronics,Laptop,Laptop 891,South,2,582.44,404.66,1164.88
O00238,2024-11-21,Home,Vacuum,Vacuum 879,North,4,187.18,127.76,748.72
O00239,2024-12-14,Home,Blender,Blender 255,West,5,283.54,192.23,1417.7
O00240,2024-09-15,Grocery,Snacks,Snacks 490,North,4,34.35,22.17,137.4
O00241,2024-05-27,Grocery,Beverage,Beverage 627,North,1,11.05,7.66,11.05
O00242,2024-09-08,Grocery,Snacks,Snacks 828,North,4,13.83,11.17,55.32
O00243,2024-12-11,Grocery,Beverage,Beverage 511,North,3,31.96,21.15,95.88
O00244,2024-05-26,Electronics,Headphones,Headphones 707,West,4,351.3,279.74,1405.2
O00245,2024-05-27,Grocery,Oil,Oil 125,East,4,28.76,18.27,115.04
O00246,2024-12-17,Electronics,Laptop,Laptop 511,East,5,455.95,317.82,2279.75
O00247,2024-07-17,Fashion,Sneakers,Sneakers 258,North,1,129.63,95.24,129.63
O00248,2024-11-03,Electronics,Laptop,Laptop 521,South,2,86.88,55.04,173.76
O00249,2024-05-07,Fashion,Jeans,Jeans 309,East,5,81.54,65.37,407.7
O00250,2024-02-08,Home,Vacuum,Vacuum 592,South,5,290.96,209.59,1454.8
O00251,2024-12-03,Fashion,Jacket,Jacket 371,North,1,24.31,20.42,24.31
O00252,2024-12-25,Grocery,Snacks,Snacks 969,West,3,34.1,21.96,102.3
O00253,2024-05-08,Home,Vacuum,Vacuum 549,South,4,104.55,76.36,418.2
O00254,2024-09-23,Home,Air Purifier,Air Purifier 526,West,5,36.74,24.18,183.7
O00255,2024-05-30,Fashion,T-shirt,T-shirt 173,East,4,104.97,63.3,419.88
O00256,2024-10-24,Grocery,Rice,Rice 666,West,4,31.99,20.62,127.96
O00257,2024-04-08,Grocery,Beverage,Beverage 346,East,5,16.39,10.46,81.95
O00258,2024-09-19,Fashion,Jeans,Jeans 728,East,1,108.23,75.56,108.23
O00259,2024-09-08,Home,Air Purifier,Air Purifier 960,East,1,130.39,110.59,130.39
O00260,2024-05-23,Grocery,Rice,Rice 365,East,2,35.26,22.05,70.52
O00261,2024-12-11,Fashion,Sneakers,Sneakers 923,North,1,56.62,44.15,56.62
O00262,2024-04-21,Fashion,T-shirt,T-shirt 651,East,4,86.45,72.33,345.8
O00263,2024-02-29,Electronics,Phone,Phone 714,South,4,155.8,106.39,623.2
O00264,2024-01-02,Home,Blender,Blender 635,South,1,257.77,176.07,257.77
O00265,2024-10-30,Grocery,Oil,Oil 929,West,3,44.65,28.22,133.95
O00266,2024-09-10,Electronics,Phone,Phone 714,North,1,870.1,565.69,870.1
O00267,2024-05-19,Home,Mixer,Mixer 610,North,4,247.53,162.4,990.12
O00268,2024-02-06,Grocery,Snacks,Snacks 305,North,5,45.67,36.73,228.35
O00269,2024-06-08,Electronics,Laptop,Laptop 760,West,3,141.91,99.1,425.73
O00270,2024-01-09,Grocery,Rice,Rice 750,West,3,43.1,32.15,129.3
O00271,2024-08-20,Grocery,Oil,Oil 290,South,1,26.7,21.23,26.7
O00272,2024-04-08,Electronics,Headphones,Headphones 297,West,1,541.91,338.45,541.91
O00273,2024-05-26,Electronics,Headphones,Headphones 172,East,2,223.68,137.11,447.36
O00274,2024-10-30,Electronics,Laptop,Laptop 274,South,4,429.71,335.93,1718.84
O00275,2024-07-26,Electronics,Headphones,Headphones 950,West,1,619.54,431.25,619.54
O00276,2024-05-10,Fashion,Jacket,Jacket 988,East,2,80.08,58.08,160.16
O00277,2024-05-31,Electronics,Phone,Phone 654,West,3,322.52,211.79,967.56
O00278,2024-02-23,Home,Mixer,Mixer 618,West,4,198.33,158.5,793.32
O00279,2024-04-29,Home,Blender,Blender 212,East,3,109.12,69.91,327.36
O00280,2024-06-09,Grocery,Oil,Oil 945,North,3,10.0,7.83,30.0
O00281,2024-04-25,Electronics,Laptop,Laptop 658,West,3,123.57,76.37,370.71
O00282,2024-03-15,Fashion,Jacket,Jacket 227,North,5,19.63,15.61,98.15
O00283,2024-04-22,Home,Mixer,Mixer 116,West,4,212.58,155.11,850.32
O00284,2024-04-13,Home,Vacuum,Vacuum 830,South,5,220.05,155.29,1100.25
O00285,2024-12-05,Electronics,Camera,Camera 891,East,3,522.87,396.17,1568.61
O00286,2024-09-10,Home,Vacuum,Vacuum 247,South,2,228.28,161.53,456.56
O00287,2024-08-14,Grocery,Snacks,Snacks 659,West,3,34.19,26.55,102.57
O00288,2024-04-21,Home,Mixer,Mixer 365,East,4,339.81,212.88,1359.24
O00289,2024-04-08,Electronics,Headphones,Headphones 383,East,3,709.51,546.34,2128.53
O00290,2024-06-01,Electronics,Phone,Phone 336,North,4,102.11,71.45,408.44
O00291,2024-12-14,Home,Vacuum,Vacuum 508,West,1,96.86,60.16,96.86
O00292,2024-12-03,Grocery,Snacks,Snacks 142,East,4,35.97,23.64,143.88
O00293,2024-07-12,Electronics,Phone,Phone 674,South,2,266.27,220.44,532.54
O00294,2024-11-05,Electronics,Phone,Phone 627,South,5,364.62,273.2,1823.1
O00295,2024-06-11,Home,Vacuum,Vacuum 785,West,2,79.05,58.19,158.1
O00296,2024-07-26,Fashion,Jeans,Jeans 718,South,1,22.62,14.74,22.62
O00297,2024-06-17,Electronics,Headphones,Headphones 544,North,4,878.3,626.74,3513.2
O00298,2024-06-09,Home,Air Purifier,Air Purifier 761,East,4,131.45,105.97,525.8
O00299,2024-03-08,Grocery,Snacks,Snacks 935,South,1,10.09,7.29,10.09
O00300,2024-10-15,Grocery,Snacks,Snacks 813,North,3,23.7,14.64,71.1
O00301,2024-10-03,Grocery,Rice,Rice 239,South,3,44.53,26.81,133.59
O00302,2024-10-30,Grocery,Snacks,Snacks 643,West,2,31.83,21.55,63.66
O00303,2024-05-14,Fashion,Jacket,Jacket 928,North,4,69.81,47.45,279.24
O00304,2024-07-13,Electronics,Laptop,Laptop 564,East,5,724.69,557.46,3623.45
O00305,2024-05-07,Grocery,Snacks,Snacks 771,West,3,34.25,24.07,102.75
O00306,2024-02-02,Home,Blender,Blender 117,East,5,307.91,241.12,1539.55
O00307,2024-06-24,Home,Vacuum,Vacuum 214,South,1,277.15,174.71,277.15
O00308,2024-01-22,Grocery,Oil,Oil 246,North,2,39.44,27.52,78.88
O00309,2024-08-25,Home,Air Purifier,Air Purifier 429,South,4,103.9,76.39,415.6
O00310,2024-06-06,Grocery,Snacks,Snacks 659,South,1,34.45,28.81,34.45
O00311,2024-02-07,Electronics,Phone,Phone 893,West,5,394.08,247.71,1970.4
O00312,2024-08-17,Electronics,Headphones,Headphones 486,East,2,210.61,161.81,421.22
O00313,2024-12-30,Fashion,T-shirt,T-shirt 192,North,3,43.26,34.1,129.78
O00314,2024-02-20,Electronics,Laptop,Laptop 528,West,1,598.45,386.52,598.45
O00315,2024-09-20,Fashion,Sneakers,Sneakers 835,East,5,138.12,89.9,690.6
O00316,2024-10-09,Grocery,Oil,Oil 434,South,4,50.72,36.94,202.88
O00317,2024-01-27,Grocery,Beverage,Beverage 673,North,3,18.21,11.24,54.63
O00318,2024-08-13,Grocery,Snacks,Snacks 355,West,4,31.43,25.39,125.72
O00319,2024-10-03,Electronics,Phone,Phone 413,West,4,602.68,425.8,2410.72
O00320,2024-10-12,Electronics,Camera,Camera 670,North,2,557.1,433.6,1114.2
O00321,2024-04-06,Fashion,Jacket,Jacket 589,North,4,112.26,89.09,449.04
O00322,2024-10-10,Electronics,Phone,Phone 139,South,2,731.07,496.0,1462.14
O00323,2024-11-12,Electronics,Headphones,Headphones 470,South,4,783.97,496.58,3135.88
O00324,2024-10-30,Home,Air Purifier,Air Purifier 228,South,1,107.54,81.63,107.54
O00325,2024-05-26,Home,Mixer,Mixer 536,West,4,149.92,99.87,599.68
O00326,2024-01-04,Fashion,Sneakers,Sneakers 633,West,4,45.36,32.48,181.44
O00327,2024-02-04,Home,Mixer,Mixer 603,North,3,34.98,22.75,104.94
O00328,2024-07-10,Grocery,Snacks,Snacks 649,North,5,17.16,13.33,85.8
O00329,2024-02-18,Grocery,Snacks,Snacks 450,West,4,12.62,9.04,50.48
O00330,2024-01-17,Fashion,Jacket,Jacket 600,North,5,31.64,19.62,158.2
O00331,2024-06-20,Fashion,Jeans,Jeans 808,South,2,83.85,69.98,167.7
O00332,2024-08-07,Electronics,Phone,Phone 173,South,3,694.24,493.31,2082.72
O00333,2024-06-06,Electronics,Headphones,Headphones 639,North,4,128.74,89.2,514.96
O00334,2024-02-15,Electronics,Headphones,Headphones 777,East,5,743.64,531.92,3718.2
O00335,2024-01-06,Electronics,Laptop,Laptop 744,East,3,250.05,207.86,750.15
O00336,2024-04-08,Fashion,T-shirt,T-shirt 505,East,1,87.05,56.67,87.05
O00337,2024-08-20,Home,Vacuum,Vacuum 158,East,1,189.06,114.62,189.06
O00338,2024-02-06,Fashion,Sneakers,Sneakers 933,West,4,17.79,12.46,71.16
O00339,2024-10-06,Electronics,Phone,Phone 759,South,2,480.02,359.3,960.04
O00340,2024-12-14,Grocery,Rice,Rice 144,West,2,22.14,16.59,44.28
O00341,2024-10-28,Fashion,Sneakers,Sneakers 333,West,3,122.32,74.31,366.96
O00342,2024-06-29,Electronics,Headphones,Headphones 408,East,1,321.86,221.08,321.86
O00343,2024-04-04,Fashion,Jacket,Jacket 375,North,1,107.88,70.91,107.88
O00344,2024-04-08,Home,Vacuum,Vacuum 395,West,2,127.44,107.3,254.88
O00345,2024-07-06,Grocery,Beverage,Beverage 138,East,3,32.0,20.24,96.0
O00346,2024-04-25,Grocery,Rice,Rice 265,West,5,34.28,21.83,171.4
O00347,2024-07-09,Fashion,Jacket,Jacket 365,East,2,100.36,72.22,200.72
O00348,2024-09-09,Grocery,Beverage,Beverage 205,South,3,34.72,27.97,104.16
O00349,2024-06-09,Electronics,Camera,Camera 370,South,1,190.36,155.25,190.36
O00350,2024-09-12,Fashion,Sneakers,Sneakers 819,East,5,32.59,23.54,162.95
O00351,2024-11-18,Electronics,Headphones,Headphones 538,West,4,109.41,87.52,437.64
O00352,2024-05-07,Fashion,Jacket,Jacket 369,East,1,22.42,16.33,22.42
O00353,2024-01-18,Fashion,Jeans,Jeans 521,West,4,42.84,27.22,171.36
O00354,2024-10-07,Grocery,Beverage,Beverage 811,North,3,19.71,16.39,59.13
O00355,2024-08-10,Fashion,Jacket,Jacket 175,South,1,54.36,44.77,54.36
O00356,2024-02-23,Electronics,Headphones,Headphones 824,East,5,303.13,201.02,1515.65
O00357,2024-02-27,Home,Blender,Blender 580,East,4,74.96,49.32,299.84
O00358,2024-11-18,Electronics,Headphones,Headphones 798,North,1,131.83,86.95,131.83
O00359,2024-12-25,Electronics,Headphones,Headphones 385,North,1,265.11,193.06,265.11
O00360,2024-06-22,Fashion,T-shirt,T-shirt 723,West,2,105.82,83.67,211.64
O00361,2024-10-06,Fashion,T-shirt,T-shirt 483,West,3,98.49,62.13,295.47
O00362,2024-04-23,Grocery,Oil,Oil 819,North,1,5.69,4.49,5.69
O00363,2024-10-14,Electronics,Camera,Camera 420,East,4,551.22,354.64,2204.88
O00364,2024-12-07,Fashion,Jacket,Jacket 832,South,3,64.51,42.53,193.53
O00365,2024-05-30,Electronics,Phone,Phone 238,West,2,784.87,516.92,1569.74
O00366,2024-05-06,Grocery,Rice,Rice 105,North,3,25.1,18.81,75.3
O00367,2024-06-03,Fashion,Jacket,Jacket 775,South,4,51.26,42.46,205.04
O00368,2024-09-29,Home,Mixer,Mixer 971,West,2,133.14,91.2,266.28
O00369,2024-04-13,Grocery,Snacks,Snacks 591,West,1,15.29,10.6,15.29
O00370,2024-10-25,Fashion,T-shirt,T-shirt 729,East,4,37.32,22.44,149.28
O00371,2024-09-02,Home,Mixer,Mixer 382,South,4,38.54,24.23,154.16
O00372,2024-06-24,Grocery,Rice,Rice 450,East,3,49.12,34.41,147.36
O00373,2024-02-08,Home,Blender,Blender 998,West,4,211.56,165.53,846.24
O00374,2024-06-18,Home,Mixer,Mixer 393,North,4,162.47,119.07,649.88
O00375,2024-09-03,Electronics,Headphones,Headphones 724,South,2,356.23,262.43,712.46
O00376,2024-01-26,Fashion,Jacket,Jacket 291,West,4,40.67,29.72,162.68
O00377,2024-12-20,Fashion,Jacket,Jacket 336,South,2,98.07,61.4,196.14
O00378,2024-11-01,Electronics,Headphones,Headphones 129,North,3,354.44,215.54,1063.32
O00379,2024-01-13,Fashion,Jacket,Jacket 834,West,4,102.78,68.34,411.12
O00380,2024-11-11,Home,Mixer,Mixer 651,West,2,66.46,47.48,132.92
O00381,2024-11-08,Electronics,Headphones,Headphones 710,North,1,303.36,187.81,303.36
O00382,2024-02-05,Electronics,Camera,Camera 528,West,1,699.43,482.32,699.43
O00383,2024-06-21,Home,Air Purifier,Air Purifier 669,South,5,269.7,207.62,1348.5
O00384,2024-01-20,Electronics,Headphones,Headphones 853,North,2,102.37,78.16,204.74
O00385,2024-11-16,Home,Blender,Blender 590,North,1,39.27,29.58,39.27
O00386,2024-09-20,Fashion,Jacket,Jacket 416,East,1,57.92,35.43,57.92
O00387,2024-05-21,Electronics,Phone,Phone 227,East,3,145.13,106.37,435.39
O00388,2024-05-22,Home,Mixer,Mixer 383,West,4,216.28,152.43,865.12
O00389,2024-04-01,Grocery,Rice,Rice 682,South,3,12.92,10.45,38.76
O00390,2024-12-19,Grocery,Beverage,Beverage 709,East,2,10.21,7.14,20.42
O00391,2024-11-17,Fashion,Jeans,Jeans 245,North,5,21.14,14.01,105.7
O00392,2024-10-14,Fashion,Jacket,Jacket 195,South,1,22.97,17.88,22.97
O00393,2024-08-02,Grocery,Snacks,Snacks 979,West,1,46.18,32.33,46.18
O00394,2024-12-07,Fashion,Sneakers,Sneakers 332,North,3,111.75,70.41,335.25
O00395,2024-02-20,Electronics,Headphones,Headphones 336,South,3,209.13,133.85,627.39
O00396,2024-06-01,Grocery,Beverage,Beverage 433,East,1,31.62,19.1,31.62
O00397,2024-07-04,Fashion,Jacket,Jacket 820,West,2,117.26,79.29,234.52
O00398,2024-03-03,Grocery,Oil,Oil 286,West,2,21.44,14.97,42.88
O00399,2024-07-08,Home,Blender,Blender 857,South,1,288.5,201.78,288.5
O00400,2024-05-04,Home,Vacuum,Vacuum 674,East,3,101.48,73.91,304.44
O00401,2024-05-29,Grocery,Beverage,Beverage 936,West,5,20.32,16.34,101.6
O00402,2024-11-09,Home,Blender,Blender 170,West,4,188.71,123.19,754.84
O00403,2024-02-27,Electronics,Camera,Camera 560,West,5,412.23,304.3,2061.15
O00404,2024-12-07,Home,Mixer,Mixer 323,West,5,177.7,124.73,888.5
O00405,2024-10-31,Grocery,Oil,Oil 985,North,4,30.8,20.38,123.2
O00406,2024-06-28,Electronics,Camera,Camera 540,South,4,433.58,333.03,1734.32
O00407,2024-06-18,Grocery,Rice,Rice 935,West,4,30.28,20.9,121.12
O00408,2024-11-21,Electronics,Camera,Camera 258,South,5,680.81,437.26,3404.05
O00409,2024-09-27,Grocery,Snacks,Snacks 229,North,5,39.09,27.47,195.45
O00410,2024-02-23,Home,Blender,Blender 228,West,1,53.11,41.02,53.11
O00411,2024-04-10,Fashion,Sneakers,Sneakers 658,North,4,99.53,64.57,398.12
O00412,2024-09-20,Grocery,Rice,Rice 430,South,2,29.59,18.44,59.18
O00413,2024-02-22,Electronics,Headphones,Headphones 695,West,3,513.02,307.98,1539.06
O00414,2024-02-29,Home,Blender,Blender 345,North,5,278.3,184.45,1391.5
O00415,2024-04-17,Grocery,Rice,Rice 700,South,1,53.96,34.85,53.96
O00416,2024-01-05,Home,Blender,Blender 138,West,1,262.67,212.9,262.67
O00417,2024-04-12,Grocery,Oil,Oil 293,North,3,33.79,27.08,101.37
O00418,2024-07-14,Electronics,Headphones,Headphones 968,West,5,237.07,174.64,1185.35
O00419,2024-09-18,Home,Blender,Blender 738,South,2,214.34,167.55,428.68
O00420,2024-12-30,Grocery,Rice,Rice 976,West,1,23.64,15.68,23.64
O00421,2024-12-15,Fashion,Jacket,Jacket 495,East,5,121.86,74.41,609.3
O00422,2024-02-16,Grocery,Rice,Rice 594,North,5,17.64,14.25,88.2
O00423,2024-12-20,Grocery,Oil,Oil 454,North,5,22.18,13.38,110.9
O00424,2024-11-06,Electronics,Camera,Camera 508,East,5,347.93,216.16,1739.65
O00425,2024-11-03,Fashion,Jeans,Jeans 954,South,5,95.63,64.91,478.15
O00426,2024-05-23,Grocery,Snacks,Snacks 994,East,3,45.53,32.6,136.59
O00427,2024-09-25,Home,Mixer,Mixer 574,East,1,40.32,25.49,40.32
O00428,2024-05-03,Grocery,Beverage,Beverage 784,West,5,8.22,6.98,41.1
O00429,2024-04-15,Fashion,T-shirt,T-shirt 299,North,4,122.43,79.46,489.72
O00430,2024-06-06,Home,Vacuum,Vacuum 650,West,3,98.14,60.28,294.42
O00431,2024-05-26,Fashion,Jacket,Jacket 547,East,3,37.41,27.1,112.23
O00432,2024-05-24,Home,Vacuum,Vacuum 475,West,1,99.96,63.37,99.96
O00433,2024-04-29,Fashion,Sneakers,Sneakers 145,East,5,116.88,96.76,584.4
O00434,2024-11-14,Electronics,Camera,Camera 465,West,1,354.54,279.75,354.54
O00435,2024-10-01,Home,Air Purifier,Air Purifier 964,West,1,65.25,46.76,65.25
O00436,2024-04-01,Grocery,Oil,Oil 316,South,3,38.34,27.34,115.02
O00437,2024-02-27,Fashion,Jeans,Jeans 618,South,3,80.86,56.9,242.58
O00438,2024-12-11,Home,Mixer,Mixer 919,South,1,176.62,110.88,176.62
O00439,2024-08-16,Electronics,Phone,Phone 612,West,5,257.03,157.98,1285.15
O00440,2024-04-26,Fashion,Jeans,Jeans 910,South,1,37.57,27.52,37.57
O00441,2024-11-13,Fashion,Jacket,Jacket 130,South,1,45.9,37.52,45.9
O00442,2024-10-05,Grocery,Rice,Rice 367,North,2,33.81,26.98,67.62
O00443,2024-05-06,Home,Blender,Blender 189,South,2,283.13,239.79,566.26
O00444,2024-05-08,Electronics,Laptop,Laptop 456,South,4,834.41,621.77,3337.64
O00445,2024-02-27,Home,Mixer,Mixer 943,South,1,41.1,33.64,41.1
O00446,2024-05-01,Fashion,T-shirt,T-shirt 373,North,3,31.7,22.04,95.1
O00447,2024-01-01,Fashion,Sneakers,Sneakers 679,East,2,42.98,34.6,85.96
O00448,2024-08-26,Fashion,Jeans,Jeans 525,West,1,98.48,82.12,98.48
O00449,2024-10-16,Electronics,Headphones,Headphones 319,North,5,686.27,515.58,3431.35
O00450,2024-04-05,Fashion,Sneakers,Sneakers 579,North,1,49.74,39.34,49.74
O00451,2024-05-05,Fashion,Jeans,Jeans 722,East,2,107.7,66.0,215.4
O00452,2024-04-27,Home,Mixer,Mixer 235,North,3,33.38,20.24,100.14
O00453,2024-02-17,Fashion,Jacket,Jacket 114,North,3,87.91,53.82,263.73
O00454,2024-03-29,Fashion,Jeans,Jeans 721,South,1,105.07,87.89,105.07
O00455,2024-08-24,Grocery,Beverage,Beverage 945,North,1,23.92,18.88,23.92
O00456,2024-09-28,Electronics,Camera,Camera 414,North,3,197.52,132.63,592.56
O00457,2024-07-07,Grocery,Snacks,Snacks 567,North,4,37.69,26.53,150.76
O00458,2024-07-10,Grocery,Rice,Rice 368,West,1,27.85,19.45,27.85
O00459,2024-03-09,Electronics,Phone,Phone 594,West,2,464.97,386.21,929.94
O00460,2024-10-04,Electronics,Laptop,Laptop 113,East,1,516.69,398.79,516.69
O00461,2024-12-14,Home,Mixer,Mixer 949,West,1,76.34,61.06,76.34
O00462,2024-09-03,Grocery,Snacks,Snacks 582,West,4,45.41,28.84,181.64
O00463,2024-03-16,Grocery,Beverage,Beverage 657,South,5,35.28,24.66,176.4
O00464,2024-06-02,Grocery,Beverage,Beverage 974,East,5,26.75,20.94,133.75
O00465,2024-05-23,Fashion,Jacket,Jacket 958,South,5,95.79,68.77,478.95
O00466,2024-03-26,Electronics,Camera,Camera 446,South,3,398.01,243.12,1194.03
O00467,2024-07-03,Home,Air Purifier,Air Purifier 442,North,5,54.15,39.1,270.75
O00468,2024-10-11,Grocery,Rice,Rice 233,South,5,5.92,3.56,29.6
O00469,2024-08-07,Fashion,T-shirt,T-shirt 324,North,5,75.09,55.83,375.45
O00470,2024-03-09,Grocery,Snacks,Snacks 607,South,1,4.79,2.9,4.79
O00471,2024-02-16,Home,Air Purifier,Air Purifier 141,South,1,237.29,157.55,237.29
O00472,2024-04-03,Fashion,T-shirt,T-shirt 963,South,4,110.87,78.34,443.48
O00473,2024-08-25,Electronics,Camera,Camera 114,East,2,90.79,72.9,181.58
O00474,2024-07-22,Grocery,Snacks,Snacks 988,West,1,7.84,5.36,7.84
O00475,2024-08-05,Grocery,Rice,Rice 429,East,5,38.92,33.05,194.6
O00476,2024-12-06,Electronics,Headphones,Headphones 608,North,3,561.69,368.0,1685.07
O00477,2024-02-08,Home,Mixer,Mixer 923,West,5,74.45,50.49,372.25
O00478,2024-04-09,Grocery,Snacks,Snacks 188,East,5,34.04,26.94,170.2
O00479,2024-10-15,Fashion,Jeans,Jeans 205,West,4,17.9,13.31,71.6
O00480,2024-09-10,Fashion,Jeans,Jeans 926,East,2,100.0,65.81,200.0
O00481,2024-08-09,Grocery,Snacks,Snacks 566,South,1,56.12,45.54,56.12
O00482,2024-12-22,Home,Blender,Blender 694,East,3,159.98,119.98,479.94
O00483,2024-01-23,Home,Mixer,Mixer 314,East,5,180.71,149.62,903.55
O00484,2024-09-06,Home,Mixer,Mixer 581,South,1,213.79,134.69,213.79
O00485,2024-01-10,Grocery,Snacks,Snacks 926,East,5,27.62,18.2,138.1
O00486,2024-09-02,Grocery,Snacks,Snacks 807,West,3,37.05,28.51,111.15
O00487,2024-11-20,Fashion,Sneakers,Sneakers 271,East,5,42.75,34.72,213.75
O00488,2024-04-09,Fashion,T-shirt,T-shirt 308,East,3,82.65,55.95,247.95
O00489,2024-10-16,Fashion,Jacket,Jacket 352,North,3,87.53,67.2,262.59
O00490,2024-06-28,Electronics,Headphones,Headphones 434,East,1,105.3,86.51,105.3
O00491,2024-08-10,Fashion,Jeans,Jeans 965,East,2,101.27,82.62,202.54
O00492,2024-09-06,Grocery,Beverage,Beverage 433,West,5,4.58,3.04,22.9
O00493,2024-05-26,Electronics,Phone,Phone 485,South,2,533.9,373.3,1067.8
O00494,2024-04-05,Electronics,Phone,Phone 390,South,1,664.25,528.92,664.25
O00495,2024-09-13,Electronics,Camera,Camera 231,South,2,203.49,124.44,406.98
O00496,2024-11-20,Electronics,Headphones,Headphones 812,South,1,409.22,303.92,409.22
O00497,2024-01-04,Electronics,Laptop,Laptop 521,North,2,386.2,247.92,772.4
O00498,2024-01-16,Fashion,Jeans,Jeans 382,North,2,14.88,9.83,29.76
O00499,2024-10-06,Fashion,Sneakers,Sneakers 901,West,1,139.87,87.7,139.87
O00500,2024-12-01,Fashion,Jeans,Jeans 288,South,1,76.28,58.86,76.28
O00501,2024-09-03,Home,Mixer,Mixer 717,East,2,333.87,240.66,667.74
O00502,2024-09-14,Fashion,Jacket,Jacket 620,South,2,61.75,45.3,123.5
O00503,2024-06-08,Fashion,Sneakers,Sneakers 939,West,2,65.08,52.51,130.16
O00504,2024-12-05,Electronics,Laptop,Laptop 558,North,1,620.52,440.36,620.52
O00505,2024-05-31,Grocery,Oil,Oil 858,North,3,5.93,3.65,17.79
O00506,2024-06-26,Home,Mixer,Mixer 668,South,1,155.04,104.02,155.04
O00507,2024-06-11,Grocery,Oil,Oil 627,East,2,5.93,3.92,11.86
O00508,2024-02-02,Grocery,Snacks,Snacks 490,North,2,42.5,34.03,85.0
O00509,2024-06-27,Grocery,Rice,Rice 109,East,4,18.96,14.65,75.84
O00510,2024-04-10,Home,Mixer,Mixer 600,North,5,195.77,125.09,978.85
O00511,2024-09-24,Home,Vacuum,Vacuum 143,East,2,123.76,103.82,247.52
O00512,2024-11-18,Fashion,Jeans,Jeans 666,North,4,92.38,58.69,369.52
O00513,2024-03-05,Home,Mixer,Mixer 268,West,5,61.29,39.01,306.45
O00514,2024-06-16,Electronics,Headphones,Headphones 672,East,3,462.65,372.47,1387.95
O00515,2024-11-25,Home,Blender,Blender 308,West,2,136.17,94.71,272.34
O00516,2024-02-12,Electronics,Laptop,Laptop 383,East,2,840.97,664.22,1681.94
O00517,2024-02-13,Electronics,Camera,Camera 543,South,3,590.81,383.93,1772.43
O00518,2024-10-11,Home,Blender,Blender 140,East,2,103.84,64.56,207.68
O00519,2024-01-12,Electronics,Camera,Camera 748,West,1,750.12,496.12,750.12
O00520,2024-04-04,Grocery,Rice,Rice 251,North,5,14.58,10.37,72.9
O00521,2024-10-28,Home,Mixer,Mixer 532,North,2,240.6,166.74,481.2
O00522,2024-09-09,Electronics,Headphones,Headphones 346,West,2,471.95,338.04,943.9
O00523,2024-08-29,Fashion,Jeans,Jeans 230,West,2,65.24,52.67,130.48
O00524,2024-02-04,Home,Mixer,Mixer 454,South,3,108.16,87.84,324.48
O00525,2024-08-02,Grocery,Beverage,Beverage 929,West,5,45.66,37.04,228.3
O00526,2024-12-02,Electronics,Phone,Phone 247,North,2,221.56,152.71,443.12
O00527,2024-03-30,Grocery,Snacks,Snacks 823,North,3,11.5,6.98,34.5
O00528,2024-09-20,Fashion,Sneakers,Sneakers 655,West,4,29.19,24.07,116.76
O00529,2024-04-02,Electronics,Phone,Phone 186,South,2,330.72,200.26,661.44
O00530,2024-03-30,Fashion,T-shirt,T-shirt 367,East,1,109.61,82.21,109.61
O00531,2024-04-24,Grocery,Oil,Oil 117,West,4,10.49,6.76,41.96
O00532,2024-04-14,Grocery,Beverage,Beverage 718,East,5,23.05,18.84,115.25
O00533,2024-07-14,Electronics,Camera,Camera 392,East,3,140.55,109.16,421.65
O00534,2024-11-09,Electronics,Headphones,Headphones 939,East,5,605.95,448.36,3029.75
O00535,2024-04-23,Home,Blender,Blender 337,North,3,50.7,37.11,152.1
O00536,2024-03-15,Home,Mixer,Mixer 965,South,2,231.13,148.77,462.26
O00537,2024-08-04,Home,Mixer,Mixer 873,South,1,211.63,165.13,211.63
O00538,2024-10-03,Grocery,Rice,Rice 408,East,3,6.35,4.34,19.05
O00539,2024-09-05,Grocery,Oil,Oil 851,North,4,33.52,24.36,134.08
O00540,2024-06-12,Home,Vacuum,Vacuum 509,North,5,199.2,133.86,996.0
O00541,2024-12-22,Home,Vacuum,Vacuum 756,South,5,135.26,81.56,676.3
O00542,2024-07-10,Fashion,Jeans,Jeans 481,South,3,90.76,68.39,272.28
O00543,2024-08-14,Fashion,Jacket,Jacket 685,North,3,81.91,51.49,245.73
O00544,2024-06-25,Home,Mixer,Mixer 279,West,2,246.11,149.91,492.22
O00545,2024-04-08,Grocery,Oil,Oil 328,East,5,24.38,15.24,121.9
O00546,2024-02-05,Home,Blender,Blender 442,East,3,129.55,89.61,388.65
O00547,2024-04-05,Grocery,Rice,Rice 935,East,2,39.97,30.99,79.94
O00548,2024-05-31,Home,Air Purifier,Air Purifier 920,South,5,278.72,231.66,1393.6
O00549,2024-05-30,Electronics,Camera,Camera 358,South,1,175.56,119.27,175.56
O00550,2024-07-08,Home,Blender,Blender 688,East,2,256.97,216.09,513.94
O00551,2024-08-11,Electronics,Laptop,Laptop 428,West,2,653.79,514.24,1307.58
O00552,2024-02-06,Grocery,Snacks,Snacks 139,North,5,18.25,15.1,91.25
O00553,2024-09-24,Grocery,Beverage,Beverage 762,East,4,16.63,13.9,66.52
O00554,2024-07-01,Electronics,Phone,Phone 288,West,5,303.93,254.7,1519.65
O00555,2024-01-13,Fashion,Jacket,Jacket 855,West,5,106.49,78.23,532.45
O00556,2024-10-05,Home,Blender,Blender 689,West,3,301.51,231.91,904.53
O00557,2024-08-04,Fashion,Jeans,Jeans 685,South,4,96.02,79.92,384.08
O00558,2024-12-20,Fashion,T-shirt,T-shirt 947,East,5,67.41,57.01,337.05
O00559,2024-12-26,Grocery,Beverage,Beverage 609,North,4,15.09,9.74,60.36
O00560,2024-10-12,Fashion,T-shirt,T-shirt 127,East,2,100.58,66.45,201.16
O00561,2024-09-29,Home,Blender,Blender 350,West,4,289.07,181.99,1156.28
O00562,2024-03-02,Fashion,Jacket,Jacket 158,East,2,86.54,53.6,173.08
O00563,2024-03-24,Electronics,Camera,Camera 910,East,2,720.06,487.97,1440.12
O00564,2024-08-04,Home,Air Purifier,Air Purifier 577,West,1,126.36,90.25,126.36
O00565,2024-12-07,Grocery,Oil,Oil 962,West,3,17.04,12.0,51.12
O00566,2024-07-05,Grocery,Snacks,Snacks 244,South,5,31.79,22.27,158.95
O00567,2024-01-19,Home,Mixer,Mixer 919,North,3,69.47,46.86,208.41
O00568,2024-06-25,Fashion,T-shirt,T-shirt 141,West,1,93.99,56.56,93.99
O00569,2024-04-09,Electronics,Phone,Phone 491,East,5,565.29,346.26,2826.45
O00570,2024-08-20,Electronics,Camera,Camera 673,North,5,99.64,60.27,498.2
O00571,2024-03-16,Fashion,Jacket,Jacket 545,North,3,106.43,80.08,319.29
O00572,2024-09-21,Electronics,Headphones,Headphones 318,North,4,532.97,438.89,2131.88
O00573,2024-10-10,Electronics,Camera,Camera 809,East,4,553.03,397.11,2212.12
O00574,2024-07-24,Electronics,Phone,Phone 422,East,1,292.01,181.23,292.01
O00575,2024-08-10,Electronics,Headphones,Headphones 297,North,5,139.58,108.62,697.9
O00576,2024-02-21,Fashion,T-shirt,T-shirt 217,North,1,112.22,86.4,112.22
O00577,2024-12-04,Fashion,Jeans,Jeans 628,South,3,42.43,32.81,127.29
O00578,2024-05-23,Electronics,Headphones,Headphones 808,South,5,152.12,128.44,760.6
O00579,2024-03-09,Home,Blender,Blender 879,West,5,190.87,161.78,954.35
O00580,2024-04-08,Home,Mixer,Mixer 799,South,3,216.27,142.72,648.81
O00581,2024-01-25,Electronics,Headphones,Headphones 621,South,3,277.31,218.42,831.93
O00582,2024-02-22,Fashion,Sneakers,Sneakers 181,East,4,116.21,95.07,464.84
O00583,2024-05-30,Grocery,Beverage,Beverage 354,South,2,15.08,9.97,30.16
O00584,2024-05-23,Fashion,Sneakers,Sneakers 511,South,5,50.65,34.48,253.25
O00585,2024-02-26,Grocery,Oil,Oil 450,East,4,26.37,20.75,105.48
O00586,2024-02-08,Grocery,Oil,Oil 116,North,4,14.79,11.24,59.16
O00587,2024-04-18,Grocery,Snacks,Snacks 413,South,1,34.93,26.16,34.93
O00588,2024-06-29,Fashion,Jeans,Jeans 173,South,4,111.01,70.32,444.04
O00589,2024-02-11,Fashion,Sneakers,Sneakers 237,North,4,30.26,24.8,121.04
O00590,2024-07-04,Fashion,Jacket,Jacket 822,North,4,92.23,60.35,368.92
O00591,2024-08-10,Electronics,Camera,Camera 578,South,4,212.61,144.41,850.44
O00592,2024-05-01,Grocery,Beverage,Beverage 454,North,5,11.06,7.5,55.3
O00593,2024-05-12,Electronics,Phone,Phone 466,South,1,740.15,585.87,740.15
O00594,2024-06-11,Fashion,Sneakers,Sneakers 924,East,3,95.91,58.81,287.73
O00595,2024-08-02,Electronics,Phone,Phone 987,West,5,213.09,127.96,1065.45
O00596,2024-08-08,Electronics,Laptop,Laptop 938,East,5,240.74,158.46,1203.7
O00597,2024-08-22,Electronics,Laptop,Laptop 810,South,1,514.13,368.12,514.13
O00598,2024-11-26,Fashion,T-shirt,T-shirt 700,North,3,95.96,75.99,287.88
O00599,2024-05-25,Fashion,Jacket,Jacket 885,North,5,65.36,47.86,326.8
O00600,2024-08-26,Home,Vacuum,Vacuum 399,North,5,266.43,188.63,1332.15
O00601,2024-03-16,Home,Air Purifier,Air Purifier 936,North,3,203.51,135.7,610.53
O00602,2024-01-09,Fashion,Jacket,Jacket 227,North,5,98.04,60.03,490.2
O00603,2024-03-14,Fashion,Jeans,Jeans 323,East,5,95.15,80.15,475.75
O00604,2024-09-09,Home,Blender,Blender 163,East,3,253.05,168.5,759.15
O00605,2024-08-17,Electronics,Camera,Camera 145,East,1,599.63,505.85,599.63
O00606,2024-01-07,Home,Air Purifier,Air Purifier 996,West,3,161.39,107.13,484.17
O00607,2024-06-22,Electronics,Headphones,Headphones 680,South,4,718.87,537.84,2875.48
O00608,2024-05-20,Electronics,Laptop,Laptop 184,South,4,303.61,212.37,1214.44
O00609,2024-06-16,Electronics,Headphones,Headphones 335,South,1,511.98,398.75,511.98
O00610,2024-06-18,Home,Blender,Blender 624,North,3,269.39,209.84,808.17
O00611,2024-10-09,Grocery,Beverage,Beverage 273,East,3,29.2,20.6,87.6
O00612,2024-05-01,Electronics,Headphones,Headphones 952,West,1,658.84,545.37,658.84
O00613,2024-07-12,Grocery,Beverage,Beverage 896,West,2,12.06,9.52,24.12
O00614,2024-01-05,Home,Blender,Blender 947,West,4,71.04,57.55,284.16
O00615,2024-01-29,Home,Blender,Blender 916,West,5,121.38,86.2,606.9
O00616,2024-06-13,Fashion,Jacket,Jacket 913,West,5,21.12,13.34,105.6
O00617,2024-12-04,Home,Mixer,Mixer 166,North,5,110.81,69.41,554.05
O00618,2024-05-15,Home,Mixer,Mixer 202,South,5,101.77,80.08,508.85
O00619,2024-12-30,Grocery,Beverage,Beverage 145,West,1,52.62,33.76,52.62
O00620,2024-11-16,Fashion,Sneakers,Sneakers 115,West,4,104.97,68.82,419.88
O00621,2024-12-07,Fashion,T-shirt,T-shirt 174,East,1,96.63,61.97,96.63
O00622,2024-05-24,Home,Vacuum,Vacuum 637,East,1,286.6,191.0,286.6
O00623,2024-11-22,Electronics,Phone,Phone 287,West,2,511.07,373.19,1022.14
O00624,2024-08-04,Grocery,Snacks,Snacks 633,West,4,26.19,16.64,104.76
O00625,2024-10-27,Grocery,Snacks,Snacks 565,North,4,37.04,24.42,148.16
O00626,2024-05-11,Home,Blender,Blender 138,North,2,104.96,79.47,209.92
O00627,2024-10-18,Electronics,Laptop,Laptop 613,South,5,426.39,292.26,2131.95
O00628,2024-03-10,Grocery,Beverage,Beverage 487,South,3,26.61,21.4,79.83
O00629,2024-09-08,Grocery,Rice,Rice 461,East,4,16.55,13.87,66.2
O00630,2024-10-01,Electronics,Phone,Phone 242,North,4,195.1,152.23,780.4
O00631,2024-12-29,Home,Blender,Blender 998,South,5,337.97,281.82,1689.85
O00632,2024-06-30,Fashion,Jeans,Jeans 669,South,2,69.2,46.18,138.4
O00633,2024-06-15,Grocery,Rice,Rice 473,North,5,37.93,30.06,189.65
O00634,2024-03-31,Electronics,Headphones,Headphones 742,North,1,291.1,194.43,291.1
O00635,2024-07-20,Home,Mixer,Mixer 399,North,1,93.26,59.84,93.26
O00636,2024-12-11,Fashion,Sneakers,Sneakers 229,East,1,51.49,38.37,51.49
O00637,2024-01-19,Grocery,Oil,Oil 261,North,5,15.67,10.08,78.35
O00638,2024-02-08,Electronics,Laptop,Laptop 797,East,3,490.1,391.64,1470.3
O00639,2024-05-05,Electronics,Laptop,Laptop 715,West,1,577.2,367.14,577.2
O00640,2024-06-21,Grocery,Oil,Oil 214,West,5,13.98,11.74,69.9
O00641,2024-05-20,Grocery,Beverage,Beverage 801,North,3,28.09,20.97,84.27
O00642,2024-08-29,Fashion,Jacket,Jacket 708,South,2,69.83,57.23,139.66
O00643,2024-08-07,Fashion,Jacket,Jacket 381,East,2,20.68,16.7,41.36
O00644,2024-05-05,Electronics,Laptop,Laptop 897,East,5,513.77,334.5,2568.85
O00645,2024-02-27,Home,Blender,Blender 149,North,1,202.4,165.41,202.4
O00646,2024-05-27,Home,Vacuum,Vacuum 285,West,2,93.37,61.1,186.74
O00647,2024-11-12,Home,Vacuum,Vacuum 203,South,2,149.71,106.91,299.42
O00648,2024-12-26,Home,Mixer,Mixer 325,North,5,220.58,179.39,1102.9
O00649,2024-01-01,Fashion,Jeans,Jeans 502,South,3,73.56,55.74,220.68
O00650,2024-12-13,Fashion,Jeans,Jeans 228,East,1,79.93,57.54,79.93
O00651,2024-07-08,Fashion,Jacket,Jacket 505,East,5,52.13,34.15,260.65
O00652,2024-07-09,Grocery,Snacks,Snacks 398,East,2,19.44,12.8,38.88
O00653,2024-11-07,Grocery,Oil,Oil 640,North,3,48.61,34.12,145.83
O00654,2024-04-26,Fashion,Jeans,Jeans 297,South,1,35.7,29.87,35.7
O00655,2024-05-13,Fashion,Jacket,Jacket 347,West,4,61.97,49.44,247.88
O00656,2024-02-27,Home,Vacuum,Vacuum 827,East,5,104.31,66.5,521.55
O00657,2024-02-13,Fashion,T-shirt,T-shirt 716,East,5,77.76,51.67,388.8
O00658,2024-06-21,Fashion,Sneakers,Sneakers 416,South,5,22.25,17.32,111.25
O00659,2024-06-08,Home,Blender,Blender 836,South,1,156.84,99.96,156.84
O00660,2024-06-21,Electronics,Headphones,Headphones 786,North,5,695.26,461.17,3476.3
O00661,2024-11-12,Home,Air Purifier,Air Purifier 311,West,5,110.35,69.86,551.75
O00662,2024-10-29,Grocery,Beverage,Beverage 827,South,4,26.96,16.79,107.84
O00663,2024-05-28,Grocery,Snacks,Snacks 930,West,1,40.92,26.94,40.92
O00664,2024-03-20,Electronics,Laptop,Laptop 627,West,1,440.93,278.57,440.93
O00665,2024-07-31,Fashion,Jacket,Jacket 500,South,2,29.45,23.67,58.9
O00666,2024-07-21,Fashion,T-shirt,T-shirt 688,East,1,39.25,28.39,39.25
O00667,2024-09-08,Home,Air Purifier,Air Purifier 630,South,1,55.48,43.36,55.48
O00668,2024-08-16,Fashion,Jeans,Jeans 622,East,5,46.55,36.93,232.75
O00669,2024-06-12,Fashion,Jacket,Jacket 623,South,5,24.43,16.43,122.15
O00670,2024-08-14,Fashion,T-shirt,T-shirt 703,North,2,115.04,74.95,230.08
O00671,2024-05-26,Electronics,Phone,Phone 562,South,3,174.99,137.45,524.97
O00672,2024-01-20,Electronics,Laptop,Laptop 717,North,2,259.9,214.8,519.8
O00673,2024-02-16,Grocery,Rice,Rice 437,South,4,31.4,26.09,125.6
O00674,2024-08-20,Home,Vacuum,Vacuum 566,North,2,250.76,192.59,501.52
O00675,2024-10-31,Home,Mixer,Mixer 495,West,3,311.66,210.38,934.98
O00676,2024-01-14,Fashion,Sneakers,Sneakers 487,East,5,36.22,22.66,181.1
O00677,2024-05-22,Home,Vacuum,Vacuum 661,South,3,208.59,164.61,625.77
O00678,2024-01-01,Home,Vacuum,Vacuum 511,South,3,201.32,123.96,603.96
O00679,2024-02-23,Fashion,Sneakers,Sneakers 579,North,5,101.66,84.46,508.3
O00680,2024-09-15,Home,Air Purifier,Air Purifier 342,North,5,41.6,28.11,208.0
O00681,2024-05-23,Electronics,Camera,Camera 111,North,3,157.12,128.93,471.36
O00682,2024-01-12,Electronics,Laptop,Laptop 515,South,5,568.42,375.31,2842.1
O00683,2024-11-25,Home,Vacuum,Vacuum 420,East,3,218.19,139.42,654.57
O00684,2024-08-11,Home,Blender,Blender 569,West,1,188.84,156.74,188.84
O00685,2024-09-28,Home,Air Purifier,Air Purifier 217,West,5,271.67,209.31,1358.35
O00686,2024-12-23,Electronics,Phone,Phone 202,West,4,632.09,403.5,2528.36
O00687,2024-06-04,Fashion,Sneakers,Sneakers 575,South,1,20.1,13.9,20.1
O00688,2024-01-08,Fashion,Jeans,Jeans 767,North,2,97.64,72.71,195.28
O00689,2024-05-01,Electronics,Headphones,Headphones 800,West,2,381.66,314.29,763.32
O00690,2024-12-13,Fashion,Jeans,Jeans 892,South,2,21.87,14.15,43.74
O00691,2024-06-12,Grocery,Oil,Oil 423,West,1,19.97,12.56,19.97
O00692,2024-03-30,Fashion,Sneakers,Sneakers 121,East,4,107.17,76.97,428.68
O00693,2024-05-15,Fashion,T-shirt,T-shirt 320,North,2,83.63,56.51,167.26
O00694,2024-07-04,Fashion,Jeans,Jeans 811,South,1,123.12,103.47,123.12
O00695,2024-11-11,Electronics,Laptop,Laptop 334,West,1,750.3,593.15,750.3
O00696,2024-06-26,Grocery,Rice,Rice 536,South,5,27.45,23.0,137.25
O00697,2024-01-28,Home,Blender,Blender 787,South,1,284.24,171.8,284.24
O00698,2024-08-07,Grocery,Snacks,Snacks 963,East,3,41.53,28.73,124.59
O00699,2024-12-22,Fashion,Jacket,Jacket 212,East,1,65.67,45.02,65.67
O00700,2024-02-10,Electronics,Phone,Phone 401,North,2,293.59,202.53,587.18
O00701,2024-08-15,Grocery,Oil,Oil 316,North,1,18.58,12.25,18.58
O00702,2024-07-10,Fashion,Jeans,Jeans 155,South,4,116.84,75.02,467.36
O00703,2024-05-24,Home,Blender,Blender 576,North,4,302.96,247.53,1211.84
O00704,2024-07-19,Fashion,Jacket,Jacket 330,North,2,105.66,67.33,211.32
O00705,2024-07-30,Home,Vacuum,Vacuum 444,West,2,260.26,169.76,520.52
O00706,2024-08-07,Grocery,Beverage,Beverage 644,North,2,33.78,24.52,67.56
O00707,2024-08-27,Grocery,Oil,Oil 432,West,5,42.25,27.56,211.25
O00708,2024-02-15,Fashion,T-shirt,T-shirt 938,North,5,38.15,25.24,190.75
O00709,2024-02-04,Home,Blender,Blender 436,East,5,67.59,53.23,337.95
O00710,2024-09-09,Home,Blender,Blender 475,West,3,110.49,84.53,331.47
O00711,2024-03-22,Grocery,Beverage,Beverage 178,South,5,35.2,28.66,176.0
O00712,2024-09-12,Electronics,Headphones,Headphones 526,South,4,722.4,611.94,2889.6
O00713,2024-07-15,Grocery,Snacks,Snacks 855,South,1,13.62,9.85,13.62
O00714,2024-10-29,Home,Air Purifier,Air Purifier 890,East,2,162.8,124.78,325.6
O00715,2024-01-10,Electronics,Laptop,Laptop 138,East,5,577.41,351.14,2887.05
O00716,2024-11-07,Electronics,Laptop,Laptop 212,South,3,210.88,179.08,632.64
O00717,2024-10-12,Home,Vacuum,Vacuum 975,East,1,160.67,107.06,160.67
O00718,2024-08-29,Home,Mixer,Mixer 366,East,2,82.72,54.18,165.44
O00719,2024-09-07,Home,Vacuum,Vacuum 303,East,1,215.25,135.45,215.25
O00720,2024-12-30,Electronics,Camera,Camera 339,East,3,801.63,503.5,2404.89
O00721,2024-01-05,Home,Blender,Blender 228,West,3,203.87,143.26,611.61
O00722,2024-04-28,Electronics,Camera,Camera 704,North,5,667.1,487.7,3335.5
O00723,2024-10-15,Home,Air Purifier,Air Purifier 634,North,2,46.39,38.45,92.78
O00724,2024-03-05,Fashion,Jeans,Jeans 412,North,1,120.29,78.47,120.29
O00725,2024-05-25,Fashion,Jeans,Jeans 735,East,4,27.6,23.45,110.4
O00726,2024-08-11,Fashion,Sneakers,Sneakers 714,South,5,92.08,56.98,460.4
O00727,2024-08-26,Fashion,Jeans,Jeans 264,East,5,31.57,25.3,157.85
O00728,2024-06-25,Electronics,Camera,Camera 580,South,1,218.85,155.5,218.85
O00729,2024-09-23,Electronics,Phone,Phone 538,North,4,145.92,100.91,583.68
O00730,2024-12-06,Home,Mixer,Mixer 775,West,5,123.4,78.82,617.0
O00731,2024-10-08,Home,Blender,Blender 327,North,5,106.41,65.93,532.05
O00732,2024-03-03,Electronics,Phone,Phone 165,South,4,517.05,395.82,2068.2
O00733,2024-08-04,Fashion,Jeans,Jeans 510,West,2,96.05,62.22,192.1
O00734,2024-12-07,Electronics,Camera,Camera 500,South,3,641.57,508.3,1924.71
O00735,2024-11-10,Grocery,Rice,Rice 553,North,1,35.53,22.46,35.53
O00736,2024-10-09,Grocery,Beverage,Beverage 533,West,3,44.94,34.52,134.82
O00737,2024-06-25,Home,Mixer,Mixer 352,West,1,120.71,75.84,120.71
O00738,2024-04-07,Home,Vacuum,Vacuum 650,East,2,59.89,41.11,119.78
O00739,2024-04-14,Fashion,Sneakers,Sneakers 352,West,4,57.03,42.91,228.12
O00740,2024-04-08,Electronics,Laptop,Laptop 302,West,2,342.75,213.4,685.5
O00741,2024-11-06,Fashion,T-shirt,T-shirt 716,West,4,61.4,43.56,245.6
O00742,2024-01-06,Grocery,Oil,Oil 164,West,4,38.63,30.22,154.52
O00743,2024-07-15,Home,Blender,Blender 495,North,3,175.54,108.52,526.62
O00744,2024-12-16,Home,Blender,Blender 410,South,1,272.84,220.36,272.84
O00745,2024-05-12,Electronics,Camera,Camera 686,West,5,726.88,595.27,3634.4
O00746,2024-12-23,Fashion,Sneakers,Sneakers 486,East,5,67.27,51.83,336.35
O00747,2024-09-15,Grocery,Oil,Oil 470,East,2,38.47,30.21,76.94
O00748,2024-01-23,Electronics,Camera,Camera 190,North,2,167.88,100.89,335.76
O00749,2024-02-22,Electronics,Laptop,Laptop 551,South,1,790.88,653.12,790.88
O00750,2024-06-13,Electronics,Phone,Phone 106,West,2,736.81,522.73,1473.62
O00751,2024-07-20,Grocery,Rice,Rice 291,West,1,25.85,15.74,25.85
O00752,2024-03-23,Home,Vacuum,Vacuum 462,South,5,198.02,119.02,990.1
O00753,2024-05-24,Electronics,Laptop,Laptop 955,West,4,110.59,90.92,442.36
O00754,2024-03-25,Home,Blender,Blender 932,North,2,266.47,191.67,532.94
O00755,2024-03-18,Home,Mixer,Mixer 335,North,4,144.21,92.81,576.84
O00756,2024-01-01,Electronics,Headphones,Headphones 386,North,2,255.94,164.06,511.88
O00757,2024-02-20,Home,Mixer,Mixer 647,South,5,46.58,31.03,232.9
O00758,2024-06-21,Grocery,Rice,Rice 525,West,4,16.46,11.06,65.84
O00759,2024-07-23,Electronics,Phone,Phone 882,East,2,617.73,455.93,1235.46
O00760,2024-09-16,Grocery,Beverage,Beverage 793,North,4,39.41,31.78,157.64
O00761,2024-10-14,Grocery,Rice,Rice 718,North,1,38.03,25.79,38.03
O00762,2024-02-03,Electronics,Phone,Phone 619,South,5,836.16,701.94,4180.8
O00763,2024-12-13,Electronics,Phone,Phone 229,East,2,712.23,568.99,1424.46
O00764,2024-04-04,Electronics,Phone,Phone 685,West,4,151.63,126.31,606.52
O00765,2024-03-12,Home,Vacuum,Vacuum 683,South,2,209.02,175.69,418.04
O00766,2024-02-08,Grocery,Oil,Oil 728,North,5,23.23,17.53,116.15
O00767,2024-06-02,Fashion,Jacket,Jacket 858,West,5,43.97,35.59,219.85
O00768,2024-09-06,Grocery,Rice,Rice 937,North,4,23.25,17.45,93.0
O00769,2024-06-10,Fashion,T-shirt,T-shirt 258,East,1,82.27,67.31,82.27
O00770,2024-04-27,Home,Vacuum,Vacuum 767,North,4,72.5,53.98,290.0
O00771,2024-09-15,Electronics,Headphones,Headphones 329,North,5,161.62,116.3,808.1
O00772,2024-11-01,Grocery,Oil,Oil 481,West,2,41.51,30.46,83.02
O00773,2024-09-24,Home,Air Purifier,Air Purifier 373,East,4,199.33,164.49,797.32
O00774,2024-02-23,Grocery,Snacks,Snacks 513,South,2,39.65,26.96,79.3
O00775,2024-08-23,Electronics,Headphones,Headphones 953,North,3,892.92,706.58,2678.76
O00776,2024-08-09,Electronics,Camera,Camera 375,North,3,552.54,339.57,1657.62
O00777,2024-09-07,Fashion,T-shirt,T-shirt 659,East,3,44.47,31.26,133.41
O00778,2024-11-08,Grocery,Snacks,Snacks 915,North,4,13.19,8.84,52.76
O00779,2024-04-21,Grocery,Oil,Oil 677,South,2,15.55,11.54,31.1
O00780,2024-09-11,Home,Vacuum,Vacuum 451,South,5,253.44,155.04,1267.2
O00781,2024-10-29,Electronics,Phone,Phone 855,West,5,371.64,307.38,1858.2
O00782,2024-07-25,Fashion,T-shirt,T-shirt 897,West,4,66.32,45.08,265.28
O00783,2024-08-16,Fashion,Jacket,Jacket 562,East,2,43.32,35.2,86.64
O00784,2024-12-06,Fashion,Sneakers,Sneakers 663,West,2,119.57,94.12,239.14
O00785,2024-03-06,Home,Blender,Blender 965,North,3,211.3,170.89,633.9
O00786,2024-03-15,Electronics,Headphones,Headphones 761,North,5,709.26,468.24,3546.3
O00787,2024-04-12,Fashion,Jeans,Jeans 894,South,4,26.07,15.89,104.28
O00788,2024-07-10,Fashion,T-shirt,T-shirt 428,North,3,126.82,83.98,380.46
O00789,2024-09-08,Home,Mixer,Mixer 918,East,2,47.37,39.11,94.74
O00790,2024-08-13,Grocery,Beverage,Beverage 818,North,4,14.43,10.11,57.72
O00791,2024-10-20,Fashion,Jacket,Jacket 464,South,4,49.26,36.77,197.04
O00792,2024-11-01,Grocery,Snacks,Snacks 110,West,2,23.52,17.59,47.04
O00793,2024-04-07,Grocery,Rice,Rice 380,South,2,32.62,21.25,65.24
O00794,2024-12-03,Fashion,Jacket,Jacket 388,North,5,38.74,24.4,193.7
O00795,2024-10-12,Home,Vacuum,Vacuum 563,South,1,194.48,130.48,194.48
O00796,2024-11-30,Home,Mixer,Mixer 679,West,3,103.98,73.63,311.94
O00797,2024-12-12,Home,Air Purifier,Air Purifier 314,North,2,98.17,77.02,196.34
O00798,2024-11-03,Grocery,Beverage,Beverage 396,West,5,16.28,11.03,81.4
O00799,2024-09-05,Fashion,Jacket,Jacket 328,North,4,72.12,48.85,288.48
O00800,2024-06-14,Home,Mixer,Mixer 375,South,1,157.97,119.01,157.97
O00801,2024-11-30,Fashion,Sneakers,Sneakers 166,East,2,26.81,17.51,53.62
O00802,2024-01-30,Home,Air Purifier,Air Purifier 480,East,5,84.84,51.13,424.2
O00803,2024-09-03,Grocery,Snacks,Snacks 321,East,5,30.26,21.26,151.3
O00804,2024-04-15,Electronics,Camera,Camera 129,South,1,760.41,561.59,760.41
O00805,2024-02-20,Fashion,Sneakers,Sneakers 902,West,2,50.44,40.03,100.88
O00806,2024-03-21,Electronics,Phone,Phone 452,West,4,539.84,383.7,2159.36
O00807,2024-05-12,Grocery,Beverage,Beverage 206,East,1,37.28,30.04,37.28
O00808,2024-10-11,Home,Air Purifier,Air Purifier 734,South,4,57.74,40.97,230.96
O00809,2024-05-17,Electronics,Camera,Camera 830,East,4,309.0,214.63,1236.0
O00810,2024-07-02,Home,Air Purifier,Air Purifier 679,West,2,188.58,128.46,377.16
O00811,2024-11-25,Grocery,Rice,Rice 188,North,3,34.12,25.53,102.36
O00812,2024-09-29,Electronics,Laptop,Laptop 602,South,3,588.91,473.0,1766.73
O00813,2024-12-05,Grocery,Rice,Rice 749,North,3,23.25,14.74,69.75
O00814,2024-03-09,Home,Vacuum,Vacuum 842,North,1,327.15,230.67,327.15
O00815,2024-02-03,Grocery,Oil,Oil 924,North,5,48.76,36.15,243.8
O00816,2024-09-18,Electronics,Camera,Camera 441,East,3,118.37,79.97,355.11
O00817,2024-02-22,Grocery,Beverage,Beverage 223,North,1,42.43,30.15,42.43
O00818,2024-07-23,Home,Mixer,Mixer 635,East,4,305.4,216.38,1221.6
O00819,2024-05-05,Home,Blender,Blender 306,West,4,168.69,121.46,674.76
O00820,2024-08-22,Home,Mixer,Mixer 173,West,4,272.32,224.93,1089.28
O00821,2024-02-12,Fashion,Jeans,Jeans 169,North,4,107.47,71.37,429.88
O00822,2024-08-27,Electronics,Laptop,Laptop 541,South,5,668.8,551.03,3344.0
O00823,2024-04-20,Grocery,Beverage,Beverage 676,South,2,35.0,27.68,70.0
O00824,2024-09-05,Fashion,T-shirt,T-shirt 668,South,1,112.17,90.43,112.17
O00825,2024-05-30,Electronics,Camera,Camera 700,West,1,569.52,352.82,569.52
O00826,2024-07-01,Electronics,Phone,Phone 244,North,2,728.67,553.68,1457.34
O00827,2024-12-01,Grocery,Oil,Oil 269,West,5,8.17,5.21,40.85
O00828,2024-04-04,Fashion,T-shirt,T-shirt 705,West,3,138.83,84.66,416.49
O00829,2024-01-08,Home,Mixer,Mixer 173,West,1,108.61,70.43,108.61
O00830,2024-12-25,Electronics,Laptop,Laptop 928,East,3,87.04,53.45,261.12
O00831,2024-07-02,Home,Mixer,Mixer 482,South,4,191.55,148.16,766.2
O00832,2024-10-07,Electronics,Phone,Phone 743,East,3,564.32,344.55,1692.96
O00833,2024-07-13,Grocery,Beverage,Beverage 162,North,2,54.64,42.43,109.28
O00834,2024-12-17,Grocery,Beverage,Beverage 288,North,4,26.2,19.51,104.8
O00835,2024-07-13,Grocery,Beverage,Beverage 571,East,2,45.52,30.31,91.04
O00836,2024-06-03,Fashion,Jeans,Jeans 949,West,5,23.67,15.24,118.35
O00837,2024-04-02,Electronics,Headphones,Headphones 865,South,2,375.08,227.32,750.16
O00838,2024-06-08,Grocery,Snacks,Snacks 886,West,5,17.7,10.89,88.5
O00839,2024-03-01,Electronics,Headphones,Headphones 334,South,3,667.1,484.39,2001.3
O00840,2024-05-01,Grocery,Snacks,Snacks 656,West,3,19.46,13.79,58.38
O00841,2024-02-20,Grocery,Rice,Rice 399,North,3,46.6,30.08,139.8
O00842,2024-10-03,Grocery,Oil,Oil 685,West,5,8.47,6.64,42.35
O00843,2024-01-05,Fashion,Jeans,Jeans 566,West,2,125.66,91.75,251.32
O00844,2024-04-01,Electronics,Phone,Phone 570,North,4,318.03,252.2,1272.12
O00845,2024-06-18,Electronics,Phone,Phone 326,East,4,377.69,267.89,1510.76
O00846,2024-11-12,Home,Blender,Blender 246,East,1,281.91,185.02,281.91
O00847,2024-01-22,Home,Mixer,Mixer 154,South,1,74.1,59.96,74.1
O00848,2024-11-21,Fashion,Jeans,Jeans 964,East,1,40.77,30.4,40.77
O00849,2024-01-01,Electronics,Camera,Camera 720,South,2,706.35,438.12,1412.7
O00850,2024-05-12,Grocery,Rice,Rice 800,North,2,10.26,7.18,20.52
O00851,2024-08-20,Fashion,Jeans,Jeans 562,West,2,128.77,107.93,257.54
O00852,2024-01-12,Grocery,Beverage,Beverage 138,South,5,36.77,28.33,183.85
O00853,2024-12-11,Home,Blender,Blender 482,South,1,274.49,166.24,274.49
O00854,2024-02-15,Home,Air Purifier,Air Purifier 317,South,4,46.54,31.7,186.16
O00855,2024-02-03,Electronics,Laptop,Laptop 723,East,2,537.67,380.07,1075.34
O00856,2024-03-18,Fashion,T-shirt,T-shirt 892,East,1,60.85,49.15,60.85
O00857,2024-08-05,Electronics,Phone,Phone 807,South,3,102.73,67.76,308.19
O00858,2024-10-27,Home,Blender,Blender 732,East,3,272.22,180.7,816.66
O00859,2024-03-13,Electronics,Headphones,Headphones 480,North,4,671.56,523.92,2686.24
O00860,2024-10-08,Grocery,Snacks,Snacks 881,West,1,38.39,28.24,38.39
O00861,2024-09-05,Electronics,Laptop,Laptop 886,West,4,603.38,472.79,2413.52
O00862,2024-02-16,Electronics,Laptop,Laptop 303,North,1,615.0,462.53,615.0
O00863,2024-04-30,Home,Mixer,Mixer 235,East,5,127.1,102.01,635.5
O00864,2024-08-01,Fashion,Jeans,Jeans 644,North,2,51.46,38.34,102.92
O00865,2024-08-26,Fashion,Jeans,Jeans 467,North,1,59.44,40.06,59.44
O00866,2024-02-25,Electronics,Camera,Camera 368,South,3,730.29,613.74,2190.87
O00867,2024-12-15,Grocery,Beverage,Beverage 591,North,4,39.0,29.74,156.0
O00868,2024-04-16,Electronics,Phone,Phone 657,South,2,98.53,72.11,197.06
O00869,2024-11-14,Fashion,T-shirt,T-shirt 944,South,3,80.03,65.9,240.09
O00870,2024-02-17,Grocery,Rice,Rice 357,South,5,25.27,18.22,126.35
O00871,2024-03-01,Grocery,Beverage,Beverage 359,South,5,13.51,10.65,67.55
O00872,2024-12-02,Electronics,Phone,Phone 180,East,5,130.37,103.57,651.85
O00873,2024-01-26,Home,Mixer,Mixer 176,South,1,281.03,192.67,281.03
O00874,2024-10-18,Grocery,Rice,Rice 868,East,3,36.99,24.89,110.97
O00875,2024-09-13,Fashion,Jacket,Jacket 458,East,3,51.19,31.91,153.57
O00876,2024-01-08,Home,Air Purifier,Air Purifier 846,East,1,290.02,216.24,290.02
O00877,2024-04-22,Fashion,T-shirt,T-shirt 698,South,4,84.63,51.49,338.52
O00878,2024-12-20,Home,Blender,Blender 108,West,4,212.95,128.61,851.8
O00879,2024-09-09,Electronics,Phone,Phone 800,South,4,779.33,495.29,3117.32
O00880,2024-06-28,Electronics,Headphones,Headphones 651,South,4,110.2,91.0,440.8
O00881,2024-07-25,Home,Blender,Blender 236,East,3,129.73,108.96,389.19
O00882,2024-10-29,Home,Vacuum,Vacuum 723,West,5,130.85,81.08,654.25
O00883,2024-05-06,Grocery,Rice,Rice 983,West,2,36.48,25.94,72.96
O00884,2024-02-25,Grocery,Rice,Rice 905,South,2,14.88,12.24,29.76
O00885,2024-08-01,Electronics,Laptop,Laptop 555,North,1,502.48,378.6,502.48
O00886,2024-01-14,Electronics,Headphones,Headphones 880,East,4,736.37,596.53,2945.48
O00887,2024-01-28,Fashion,Sneakers,Sneakers 682,South,5,17.25,11.82,86.25
O00888,2024-03-18,Home,Air Purifier,Air Purifier 530,North,5,93.72,71.19,468.6
O00889,2024-08-03,Grocery,Snacks,Snacks 543,South,3,26.86,19.8,80.58
O00890,2024-12-30,Electronics,Camera,Camera 865,South,3,447.66,344.8,1342.98
O00891,2024-06-02,Electronics,Camera,Camera 447,East,5,511.24,433.37,2556.2
O00892,2024-01-14,Home,Vacuum,Vacuum 968,West,3,267.66,175.98,802.98
O00893,2024-07-05,Fashion,Jacket,Jacket 682,South,1,91.32,67.14,91.32
O00894,2024-11-07,Home,Vacuum,Vacuum 259,North,3,68.37,42.65,205.11
O00895,2024-01-07,Grocery,Oil,Oil 419,East,4,4.81,3.98,19.24
O00896,2024-01-03,Electronics,Laptop,Laptop 816,South,1,372.99,287.22,372.99
O00897,2024-04-20,Grocery,Beverage,Beverage 159,East,2,37.19,24.64,74.38
O00898,2024-08-25,Grocery,Snacks,Snacks 602,East,5,18.67,15.32,93.35
O00899,2024-12-28,Home,Air Purifier,Air Purifier 981,West,2,215.64,139.25,431.28
O00900,2024-08-26,Home,Blender,Blender 805,East,1,160.84,109.72,160.84
O00901,2024-09-30,Fashion,Jeans,Jeans 827,North,2,22.48,14.02,44.96
O00902,2024-10-20,Grocery,Snacks,Snacks 858,East,5,41.82,26.67,209.1
O00903,2024-08-14,Fashion,Jacket,Jacket 154,North,3,70.83,46.41,212.49
O00904,2024-01-15,Fashion,T-shirt,T-shirt 703,East,4,105.68,84.84,422.72
O00905,2024-07-10,Fashion,Jacket,Jacket 512,East,3,13.51,8.93,40.53
O00906,2024-04-28,Home,Air Purifier,Air Purifier 985,North,3,281.43,237.24,844.29
O00907,2024-01-28,Grocery,Snacks,Snacks 567,East,1,33.75,21.05,33.75
O00908,2024-07-20,Home,Blender,Blender 818,North,5,200.06,149.31,1000.3
O00909,2024-02-08,Grocery,Beverage,Beverage 257,East,2,21.3,13.53,42.6
O00910,2024-09-29,Grocery,Oil,Oil 649,South,3,21.14,15.87,63.42
O00911,2024-08-18,Fashion,Jeans,Jeans 522,East,2,81.77,54.4,163.54
O00912,2024-03-26,Grocery,Beverage,Beverage 392,North,4,36.76,30.66,147.04
O00913,2024-05-05,Fashion,Jeans,Jeans 600,East,5,53.93,44.79,269.65
O00914,2024-10-26,Electronics,Laptop,Laptop 368,North,5,297.88,214.68,1489.4
O00915,2024-01-25,Fashion,T-shirt,T-shirt 815,East,5,47.15,30.98,235.75
O00916,2024-05-24,Fashion,Jeans,Jeans 750,South,1,113.18,76.5,113.18
O00917,2024-01-13,Electronics,Phone,Phone 871,South,1,326.46,264.38,326.46
O00918,2024-07-30,Electronics,Phone,Phone 591,West,3,359.41,240.09,1078.23
O00919,2024-01-25,Electronics,Laptop,Laptop 261,South,3,512.98,403.35,1538.94
O00920,2024-03-08,Electronics,Camera,Camera 589,North,5,538.23,409.35,2691.15
O00921,2024-03-07,Electronics,Phone,Phone 756,North,5,575.26,485.09,2876.3
O00922,2024-08-20,Electronics,Camera,Camera 555,South,2,116.79,70.98,233.58
O00923,2024-04-18,Grocery,Snacks,Snacks 703,South,1,42.25,32.24,42.25
O00924,2024-05-25,Electronics,Headphones,Headphones 737,South,4,230.98,153.44,923.92
O00925,2024-04-20,Fashion,Sneakers,Sneakers 861,North,5,73.0,52.0,365.0
O00926,2024-08-15,Fashion,Jeans,Jeans 991,East,2,75.83,56.02,151.66
O00927,2024-04-20,Fashion,Jeans,Jeans 563,East,2,114.46,89.82,228.92
O00928,2024-02-03,Grocery,Beverage,Beverage 983,East,1,7.78,5.39,7.78
O00929,2024-04-20,Home,Mixer,Mixer 932,South,2,275.71,195.81,551.42
O00930,2024-09-20,Grocery,Snacks,Snacks 327,South,2,34.6,22.48,69.2
O00931,2024-08-23,Home,Vacuum,Vacuum 935,North,2,40.74,29.36,81.48
O00932,2024-03-23,Fashion,Jeans,Jeans 204,East,1,34.84,21.93,34.84
O00933,2024-02-11,Grocery,Rice,Rice 357,East,5,38.8,30.83,194.0
O00934,2024-04-10,Home,Mixer,Mixer 510,South,5,175.72,135.79,878.6
O00935,2024-01-06,Home,Blender,Blender 539,South,5,267.46,180.78,1337.3
O00936,2024-06-28,Fashion,Sneakers,Sneakers 941,East,1,134.35,86.7,134.35
O00937,2024-10-08,Home,Blender,Blender 396,South,3,82.54,58.2,247.62
O00938,2024-11-15,Electronics,Headphones,Headphones 730,South,3,380.99,251.48,1142.97
O00939,2024-08-13,Grocery,Rice,Rice 348,South,1,26.0,15.64,26.0
O00940,2024-11-10,Fashion,Sneakers,Sneakers 991,North,5,45.19,30.9,225.95
O00941,2024-12-30,Home,Air Purifier,Air Purifier 827,West,1,242.19,164.49,242.19
O00942,2024-08-16,Electronics,Phone,Phone 445,West,3,521.7,366.01,1565.1
O00943,2024-10-15,Home,Mixer,Mixer 923,West,1,233.04,149.96,233.04
O00944,2024-05-29,Grocery,Rice,Rice 397,North,4,22.86,15.4,91.44
O00945,2024-10-03,Electronics,Laptop,Laptop 158,North,2,422.01,314.57,844.02
O00946,2024-07-16,Fashion,Sneakers,Sneakers 704,South,3,96.31,76.97,288.93
O00947,2024-03-10,Grocery,Oil,Oil 725,West,5,7.32,4.4,36.6
O00948,2024-04-21,Grocery,Beverage,Beverage 998,South,5,9.07,6.96,45.35
O00949,2024-01-04,Fashion,Sneakers,Sneakers 523,West,4,32.76,26.7,131.04
O00950,2024-12-15,Electronics,Camera,Camera 719,East,1,624.64,515.56,624.64
O00951,2024-11-26,Fashion,Sneakers,Sneakers 192,South,4,89.12,56.45,356.48
O00952,2024-11-13,Electronics,Camera,Camera 364,West,2,284.73,183.6,569.46
O00953,2024-12-15,Fashion,Jacket,Jacket 557,East,2,83.01,60.4,166.02
O00954,2024-04-04,Grocery,Oil,Oil 665,West,4,18.38,15.42,73.52
O00955,2024-05-31,Home,Vacuum,Vacuum 911,North,5,160.1,97.67,800.5
O00956,2024-11-06,Home,Vacuum,Vacuum 752,East,3,150.2,100.28,450.6
O00957,2024-05-16,Home,Vacuum,Vacuum 572,East,2,108.3,67.83,216.6
O00958,2024-09-03,Home,Blender,Blender 139,West,1,136.69,101.1,136.69
O00959,2024-08-30,Fashion,Sneakers,Sneakers 981,South,5,66.21,47.78,331.05
O00960,2024-01-31,Electronics,Phone,Phone 658,South,3,909.48,716.89,2728.44
O00961,2024-02-09,Home,Blender,Blender 937,West,2,212.9,138.24,425.8
O00962,2024-08-16,Fashion,Sneakers,Sneakers 233,North,5,96.8,63.73,484.0
O00963,2024-02-05,Electronics,Phone,Phone 534,West,2,494.85,352.44,989.7
O00964,2024-08-10,Electronics,Phone,Phone 326,West,1,759.08,498.49,759.08
O00965,2024-01-06,Fashion,Jacket,Jacket 191,East,2,117.89,78.34,235.78
O00966,2024-11-17,Home,Blender,Blender 839,West,5,192.79,161.91,963.95
O00967,2024-08-07,Fashion,T-shirt,T-shirt 537,West,3,122.21,84.54,366.63
O00968,2024-03-15,Home,Air Purifier,Air Purifier 591,North,5,234.29,154.72,1171.45
O00969,2024-01-04,Home,Air Purifier,Air Purifier 351,North,4,60.16,36.82,240.64
O00970,2024-11-30,Grocery,Beverage,Beverage 722,East,1,23.43,15.39,23.43
O00971,2024-05-13,Home,Air Purifier,Air Purifier 866,South,4,79.41,50.23,317.64
O00972,2024-04-27,Home,Air Purifier,Air Purifier 574,North,1,59.0,35.73,59.0
O00973,2024-04-03,Grocery,Snacks,Snacks 836,East,3,28.36,21.18,85.08
O00974,2024-03-02,Home,Vacuum,Vacuum 666,West,1,103.73,80.26,103.73
O00975,2024-07-12,Electronics,Phone,Phone 834,West,1,497.5,418.17,497.5
O00976,2024-11-30,Grocery,Rice,Rice 399,South,3,23.78,14.84,71.34
O00977,2024-07-21,Home,Blender,Blender 402,West,4,287.92,210.37,1151.68
O00978,2024-01-26,Electronics,Laptop,Laptop 426,North,5,669.71,530.04,3348.55
O00979,2024-06-21,Grocery,Rice,Rice 481,North,2,51.46,42.98,102.92
O00980,2024-10-26,Fashion,T-shirt,T-shirt 946,West,2,20.89,14.75,41.78
O00981,2024-05-12,Fashion,Jeans,Jeans 505,West,2,65.71,49.22,131.42
O00982,2024-11-21,Grocery,Rice,Rice 659,North,5,12.17,8.27,60.85
O00983,2024-04-27,Electronics,Phone,Phone 568,North,2,184.35,130.17,368.7
O00984,2024-11-19,Electronics,Laptop,Laptop 587,East,2,645.48,497.03,1290.96
O00985,2024-10-01,Electronics,Headphones,Headphones 695,East,5,596.51,490.27,2982.55
O00986,2024-07-30,Home,Blender,Blender 754,North,4,117.07,94.12,468.28
O00987,2024-08-12,Home,Air Purifier,Air Purifier 376,West,5,249.45,190.09,1247.25
O00988,2024-01-20,Fashion,Jeans,Jeans 408,South,4,87.13,70.32,348.52
O00989,2024-04-22,Grocery,Snacks,Snacks 359,North,5,46.43,28.78,232.15
O00990,2024-05-19,Electronics,Phone,Phone 341,East,1,398.23,266.88,398.23
O00991,2024-02-16,Electronics,Laptop,Laptop 711,East,5,662.37,449.2,3311.85
O00992,2024-01-01,Grocery,Snacks,Snacks 511,North,1,9.55,6.47,9.55
O00993,2024-03-30,Fashion,Jeans,Jeans 594,West,5,79.79,55.91,398.95
O00994,2024-05-21,Home,Mixer,Mixer 990,East,2,308.66,233.86,617.32
O00995,2024-11-15,Electronics,Camera,Camera 413,North,2,867.07,735.53,1734.14
O00996,2024-02-07,Fashion,Jeans,Jeans 159,South,4,47.01,29.41,188.04
O00997,2024-10-19,Fashion,Jacket,Jacket 330,North,3,84.35,57.89,253.05
O00998,2024-05-18,Grocery,Snacks,Snacks 574,South,2,50.14,41.96,100.28
O00999,2024-12-21,Fashion,Sneakers,Sneakers 197,East,2,112.64,82.68,225.28
O01000,2024-11-28,Grocery,Rice,Rice 719,West,1,23.98,16.86,23.98
O01001,2024-09-15,Grocery,Oil,Oil 134,South,2,28.4,23.29,56.8
O01002,2024-06-09,Fashion,Jeans,Jeans 186,East,3,83.16,53.47,249.48
O01003,2024-06-26,Fashion,Jeans,Jeans 154,South,3,25.53,15.54,76.59
O01004,2024-01-10,Grocery,Snacks,Snacks 654,South,3,48.02,40.8,144.06
O01005,2024-09-17,Fashion,Jacket,Jacket 650,East,1,106.17,71.92,106.17
O01006,2024-05-17,Home,Mixer,Mixer 554,West,2,143.38,99.51,286.76
O01007,2024-06-20,Grocery,Beverage,Beverage 313,West,4,25.92,17.09,103.68
O01008,2024-01-13,Grocery,Rice,Rice 159,North,3,52.5,42.08,157.5
O01009,2024-06-16,Home,Vacuum,Vacuum 955,West,5,85.42,68.84,427.1
O01010,2024-05-09,Electronics,Laptop,Laptop 763,East,4,396.76,304.09,1587.04
O01011,2024-03-24,Grocery,Oil,Oil 939,West,3,13.66,9.75,40.98
O01012,2024-11-16,Electronics,Headphones,Headphones 634,South,4,225.14,168.82,900.56
O01013,2024-11-14,Home,Vacuum,Vacuum 274,East,2,134.09,84.6,268.18
O01014,2024-04-10,Fashion,Jeans,Jeans 508,West,5,85.29,58.16,426.45
O01015,2024-11-24,Home,Blender,Blender 688,East,5,214.55,171.21,1072.75
O01016,2024-09-29,Electronics,Laptop,Laptop 803,North,1,131.94,80.39,131.94
O01017,2024-09-21,Fashion,Jeans,Jeans 321,North,2,67.89,46.7,135.78
O01018,2024-02-07,Grocery,Beverage,Beverage 408,South,5,10.86,6.83,54.3
O01019,2024-04-03,Fashion,Jacket,Jacket 731,South,5,116.8,79.53,584.0
O01020,2024-04-04,Home,Blender,Blender 463,East,2,98.23,65.28,196.46
O01021,2024-10-31,Fashion,Jeans,Jeans 298,South,4,52.06,39.91,208.24
O01022,2024-03-09,Grocery,Snacks,Snacks 259,East,4,25.82,17.8,103.28
O01023,2024-11-13,Grocery,Snacks,Snacks 429,East,5,25.81,21.15,129.05
O01024,2024-08-23,Grocery,Snacks,Snacks 373,West,5,17.55,10.57,87.75
O01025,2024-11-29,Fashion,T-shirt,T-shirt 577,East,5,47.17,38.37,235.85
O01026,2024-05-16,Electronics,Phone,Phone 760,South,4,527.73,374.56,2110.92
O01027,2024-03-16,Home,Mixer,Mixer 218,North,5,181.75,114.7,908.75
O01028,2024-02-04,Electronics,Headphones,Headphones 625,East,4,777.6,626.78,3110.4
O01029,2024-01-01,Electronics,Headphones,Headphones 786,West,3,125.74,79.66,377.22
O01030,2024-10-22,Home,Mixer,Mixer 433,East,3,103.35,66.39,310.05
O01031,2024-11-15,Electronics,Phone,Phone 359,South,1,161.62,114.3,161.62
O01032,2024-02-29,Grocery,Beverage,Beverage 802,West,2,35.62,26.7,71.24
O01033,2024-11-15,Electronics,Camera,Camera 862,South,1,684.46,566.83,684.46
O01034,2024-12-14,Grocery,Beverage,Beverage 381,South,3,35.92,26.52,107.76
O01035,2024-11-23,Home,Vacuum,Vacuum 340,East,2,140.21,113.19,280.42
O01036,2024-09-23,Electronics,Headphones,Headphones 753,West,1,194.26,116.84,194.26
O01037,2024-12-26,Home,Mixer,Mixer 995,East,4,161.74,124.04,646.96
O01038,2024-08-16,Home,Vacuum,Vacuum 924,West,5,149.86,126.05,749.3
O01039,2024-09-26,Fashion,Jeans,Jeans 183,South,5,117.92,78.0,589.6
O01040,2024-11-11,Electronics,Camera,Camera 697,South,5,490.59,297.62,2452.95
O01041,2024-10-12,Electronics,Camera,Camera 508,South,2,634.16,484.27,1268.32
O01042,2024-10-17,Electronics,Phone,Phone 832,North,5,198.73,125.02,993.65
O01043,2024-07-31,Fashion,T-shirt,T-shirt 974,South,5,109.31,74.68,546.55
O01044,2024-06-13,Electronics,Phone,Phone 917,West,2,91.15,76.17,182.3
O01045,2024-01-05,Electronics,Phone,Phone 952,East,1,837.36,522.64,837.36
O01046,2024-12-04,Electronics,Phone,Phone 468,West,5,236.3,156.6,1181.5
O01047,2024-03-18,Electronics,Headphones,Headphones 817,South,1,617.47,414.73,617.47
O01048,2024-03-02,Electronics,Phone,Phone 209,East,1,432.05,347.04,432.05
O01049,2024-05-11,Fashion,Sneakers,Sneakers 830,South,3,112.37,70.27,337.11
O01050,2024-03-29,Electronics,Laptop,Laptop 416,West,5,768.88,569.04,3844.4
O01051,2024-08-24,Grocery,Oil,Oil 835,North,2,29.14,19.03,58.28
O01052,2024-02-11,Home,Blender,Blender 575,North,2,210.44,153.49,420.88
O01053,2024-03-29,Grocery,Oil,Oil 856,South,2,21.58,14.53,43.16
O01054,2024-10-22,Home,Blender,Blender 937,South,3,247.76,159.68,743.28
O01055,2024-11-23,Home,Vacuum,Vacuum 931,North,4,244.39,178.23,977.56
O01056,2024-10-21,Grocery,Snacks,Snacks 469,South,4,17.02,12.21,68.08
O01057,2024-04-13,Fashion,T-shirt,T-shirt 223,East,2,17.34,12.05,34.68
O01058,2024-01-14,Home,Mixer,Mixer 995,South,2,144.95,119.98,289.9
O01059,2024-10-14,Fashion,Jeans,Jeans 937,West,2,41.89,32.63,83.78
O01060,2024-06-27,Grocery,Oil,Oil 533,West,1,9.43,6.28,9.43
O01061,2024-05-04,Electronics,Camera,Camera 402,East,3,768.5,566.89,2305.5
O01062,2024-12-18,Home,Mixer,Mixer 542,South,1,224.63,158.13,224.63
O01063,2024-01-23,Home,Blender,Blender 511,East,4,107.07,70.99,428.28
O01064,2024-03-03,Electronics,Headphones,Headphones 680,South,2,391.22,254.13,782.44
O01065,2024-05-22,Home,Vacuum,Vacuum 261,North,3,292.92,189.33,878.76
O01066,2024-06-01,Home,Blender,Blender 261,North,4,153.3,101.18,613.2
O01067,2024-05-24,Electronics,Laptop,Laptop 206,South,3,326.65,265.73,979.95
O01068,2024-08-12,Grocery,Rice,Rice 328,North,5,25.47,15.77,127.35
O01069,2024-11-04,Grocery,Snacks,Snacks 217,North,2,7.2,5.05,14.4
O01070,2024-04-13,Home,Mixer,Mixer 611,West,2,147.99,125.21,295.98
O01071,2024-04-13,Fashion,Jacket,Jacket 275,West,4,22.97,16.87,91.88
O01072,2024-02-08,Fashion,Jeans,Jeans 742,North,2,91.78,66.0,183.56
O01073,2024-07-16,Electronics,Phone,Phone 588,South,2,707.29,585.09,1414.58
O01074,2024-05-13,Electronics,Phone,Phone 720,West,3,380.0,251.46,1140.0
O01075,2024-03-07,Grocery,Oil,Oil 879,South,3,46.79,38.92,140.37
O01076,2024-06-27,Fashion,Jeans,Jeans 571,West,4,20.03,14.29,80.12
O01077,2024-02-11,Fashion,Jacket,Jacket 134,South,4,35.01,27.09,140.04
O01078,2024-01-15,Fashion,Jeans,Jeans 843,West,5,43.19,29.24,215.95
O01079,2024-04-20,Grocery,Beverage,Beverage 459,East,4,24.17,20.48,96.68
O01080,2024-06-05,Home,Blender,Blender 822,East,5,274.64,217.33,1373.2
O01081,2024-10-15,Fashion,Jacket,Jacket 115,North,5,70.61,55.75,353.05
O01082,2024-08-18,Fashion,Jeans,Jeans 649,North,1,28.64,20.18,28.64
O01083,2024-06-05,Electronics,Camera,Camera 667,South,1,138.82,104.44,138.82
O01084,2024-02-07,Home,Air Purifier,Air Purifier 540,West,2,217.11,181.76,434.22
O01085,2024-04-06,Electronics,Phone,Phone 347,South,3,374.42,256.54,1123.26
O01086,2024-10-15,Electronics,Laptop,Laptop 707,West,2,393.22,270.1,786.44
O01087,2024-09-10,Fashion,T-shirt,T-shirt 919,North,2,82.9,57.11,165.8
O01088,2024-07-14,Home,Air Purifier,Air Purifier 214,South,2,102.38,86.44,204.76
O01089,2024-03-26,Fashion,Jeans,Jeans 216,South,1,68.4,51.86,68.4
O01090,2024-11-17,Home,Vacuum,Vacuum 787,South,3,88.54,61.6,265.62
O01091,2024-01-10,Fashion,Sneakers,Sneakers 356,West,1,30.13,24.68,30.13
O01092,2024-01-05,Home,Blender,Blender 905,North,2,189.03,152.65,378.06
O01093,2024-05-02,Electronics,Camera,Camera 650,West,4,150.76,107.16,603.04
O01094,2024-11-25,Grocery,Oil,Oil 309,East,5,32.08,24.49,160.4
O01095,2024-12-18,Electronics,Camera,Camera 618,East,1,196.48,144.16,196.48
O01096,2024-04-27,Grocery,Beverage,Beverage 698,East,5,29.62,25.17,148.1
O01097,2024-10-20,Electronics,Headphones,Headphones 702,West,1,650.15,501.74,650.15
O01098,2024-06-07,Fashion,Jacket,Jacket 444,East,1,33.59,24.42,33.59
O01099,2024-10-29,Home,Mixer,Mixer 705,West,1,179.16,141.99,179.16
O01100,2024-08-15,Home,Vacuum,Vacuum 670,North,5,72.27,57.4,361.35
O01101,2024-12-30,Electronics,Camera,Camera 665,West,2,357.23,273.43,714.46
O01102,2024-08-03,Electronics,Camera,Camera 378,North,5,356.71,235.21,1783.55
O01103,2024-07-02,Home,Blender,Blender 267,North,4,188.17,134.0,752.68
O01104,2024-01-15,Home,Vacuum,Vacuum 692,West,3,285.96,233.86,857.88
O01105,2024-06-05,Electronics,Headphones,Headphones 620,South,2,578.5,464.71,1157.0
O01106,2024-05-15,Home,Air Purifier,Air Purifier 545,North,4,276.51,213.6,1106.04
O01107,2024-09-17,Electronics,Headphones,Headphones 274,West,3,786.2,492.55,2358.6
O01108,2024-06-05,Fashion,Jacket,Jacket 599,West,2,62.88,37.77,125.76
O01109,2024-02-16,Grocery,Rice,Rice 552,West,4,46.73,35.6,186.92
O01110,2024-11-19,Electronics,Headphones,Headphones 851,South,2,736.39,577.33,1472.78
O01111,2024-11-27,Home,Blender,Blender 898,North,5,35.51,22.73,177.55
O01112,2024-06-21,Fashion,T-shirt,T-shirt 545,West,2,26.79,19.62,53.58
O01113,2024-05-09,Grocery,Oil,Oil 255,North,4,31.15,25.63,124.6
O01114,2024-04-04,Home,Mixer,Mixer 388,North,1,274.0,179.86,274.0
O01115,2024-04-24,Fashion,Sneakers,Sneakers 319,North,1,103.05,69.31,103.05
O01116,2024-08-30,Grocery,Oil,Oil 146,South,4,31.23,26.19,124.92
O01117,2024-10-18,Electronics,Headphones,Headphones 717,East,2,503.76,336.91,1007.52
O01118,2024-10-08,Electronics,Laptop,Laptop 702,North,2,653.01,499.75,1306.02
O01119,2024-10-25,Grocery,Oil,Oil 869,North,2,19.39,12.13,38.78
O01120,2024-10-09,Electronics,Headphones,Headphones 563,West,2,213.07,178.6,426.14
O01121,2024-03-09,Home,Air Purifier,Air Purifier 507,North,3,49.5,35.33,148.5
O01122,2024-05-27,Grocery,Rice,Rice 385,South,2,23.36,14.91,46.72
O01123,2024-01-11,Home,Mixer,Mixer 992,South,2,123.18,97.7,246.36
O01124,2024-09-10,Home,Vacuum,Vacuum 443,East,5,89.69,69.5,448.45
O01125,2024-11-25,Electronics,Camera,Camera 893,East,3,117.86,79.27,353.58
O01126,2024-12-25,Electronics,Camera,Camera 886,East,4,361.74,267.93,1446.96
O01127,2024-02-07,Home,Blender,Blender 165,South,1,232.91,179.83,232.91
O01128,2024-05-13,Fashion,T-shirt,T-shirt 379,East,2,56.21,45.01,112.42
O01129,2024-07-18,Grocery,Rice,Rice 128,West,2,25.62,20.71,51.24
O01130,2024-01-23,Fashion,T-shirt,T-shirt 274,North,5,68.8,57.13,344.0
O01131,2024-10-29,Home,Mixer,Mixer 332,West,2,34.18,22.75,68.36
O01132,2024-12-11,Grocery,Oil,Oil 694,North,2,29.5,21.06,59.0
O01133,2024-10-28,Electronics,Headphones,Headphones 661,South,5,282.63,205.43,1413.15
O01134,2024-12-28,Fashion,Sneakers,Sneakers 274,North,1,17.66,12.42,17.66
O01135,2024-08-05,Fashion,T-shirt,T-shirt 509,South,1,80.65,63.86,80.65
O01136,2024-05-20,Fashion,Sneakers,Sneakers 727,West,4,14.43,9.38,57.72
O01137,2024-04-13,Grocery,Beverage,Beverage 672,East,3,16.56,11.4,49.68
O01138,2024-07-28,Home,Vacuum,Vacuum 406,South,1,138.81,83.89,138.81
O01139,2024-04-20,Grocery,Snacks,Snacks 721,West,1,15.6,12.23,15.6
O01140,2024-04-13,Electronics,Laptop,Laptop 847,West,1,580.91,457.2,580.91
O01141,2024-11-11,Grocery,Oil,Oil 225,North,3,42.56,28.85,127.68
O01142,2024-06-19,Fashion,Jacket,Jacket 931,South,4,125.3,95.84,501.2
O01143,2024-12-21,Home,Vacuum,Vacuum 295,East,5,203.23,160.98,1016.15
O01144,2024-11-19,Home,Blender,Blender 986,East,2,49.34,41.02,98.68
O01145,2024-05-12,Electronics,Camera,Camera 454,East,1,539.31,456.53,539.31
O01146,2024-10-19,Grocery,Oil,Oil 202,North,3,11.43,8.39,34.29
O01147,2024-11-23,Grocery,Rice,Rice 899,West,3,26.34,20.07,79.02
O01148,2024-05-06,Electronics,Phone,Phone 100,North,1,441.71,328.32,441.71
O01149,2024-04-15,Grocery,Rice,Rice 295,North,3,26.3,20.22,78.9
O01150,2024-04-01,Electronics,Laptop,Laptop 835,East,2,241.65,146.93,483.3
O01151,2024-10-13,Fashion,Jacket,Jacket 327,South,5,93.43,64.57,467.15
O01152,2024-02-20,Fashion,Jacket,Jacket 851,North,2,69.71,48.76,139.42
O01153,2024-01-29,Home,Blender,Blender 602,East,4,30.75,25.29,123.0
O01154,2024-10-22,Electronics,Laptop,Laptop 932,West,3,175.87,110.6,527.61
O01155,2024-10-23,Electronics,Phone,Phone 170,North,3,924.89,567.82,2774.67
O01156,2024-08-01,Home,Air Purifier,Air Purifier 873,East,5,180.13,131.57,900.65
O01157,2024-09-23,Grocery,Oil,Oil 206,South,1,10.92,7.34,10.92
O01158,2024-09-13,Grocery,Oil,Oil 900,South,1,24.77,17.17,24.77
O01159,2024-10-28,Grocery,Oil,Oil 691,South,1,30.7,18.84,30.7
O01160,2024-04-10,Electronics,Laptop,Laptop 383,East,4,131.39,105.5,525.56
O01161,2024-12-11,Home,Blender,Blender 344,West,5,107.26,68.35,536.3
O01162,2024-04-19,Home,Mixer,Mixer 563,West,3,174.91,105.75,524.73
O01163,2024-06-30,Home,Blender,Blender 469,East,1,103.11,62.63,103.11
O01164,2024-11-08,Grocery,Beverage,Beverage 722,North,5,28.75,20.45,143.75
O01165,2024-01-01,Electronics,Phone,Phone 866,West,4,676.8,406.61,2707.2
O01166,2024-11-14,Fashion,Sneakers,Sneakers 899,South,1,58.47,37.99,58.47
O01167,2024-02-24,Grocery,Beverage,Beverage 210,West,5,40.03,28.42,200.15
O01168,2024-05-28,Home,Vacuum,Vacuum 407,East,2,271.61,208.25,543.22
O01169,2024-11-04,Fashion,T-shirt,T-shirt 981,South,1,38.33,30.07,38.33
O01170,2024-05-16,Fashion,Jeans,Jeans 716,North,5,101.15,84.27,505.75
O01171,2024-07-20,Electronics,Headphones,Headphones 891,West,2,123.67,78.04,247.34
O01172,2024-11-08,Grocery,Snacks,Snacks 785,West,1,37.58,28.89,37.58
O01173,2024-04-26,Fashion,T-shirt,T-shirt 917,East,1,97.21,80.14,97.21
O01174,2024-06-02,Electronics,Phone,Phone 948,North,4,134.53,81.8,538.12
O01175,2024-10-17,Fashion,Jacket,Jacket 366,West,1,21.21,14.49,21.21
O01176,2024-03-03,Fashion,Sneakers,Sneakers 107,West,5,102.94,62.5,514.7
O01177,2024-08-31,Grocery,Beverage,Beverage 852,East,2,29.78,19.88,59.56
O01178,2024-01-25,Fashion,Jacket,Jacket 905,South,5,93.87,76.66,469.35
O01179,2024-03-30,Electronics,Phone,Phone 299,West,1,743.03,560.87,743.03
O01180,2024-03-15,Electronics,Headphones,Headphones 840,East,4,400.69,330.95,1602.76
O01181,2024-10-20,Grocery,Beverage,Beverage 757,West,2,44.63,32.77,89.26
O01182,2024-07-28,Grocery,Snacks,Snacks 368,North,2,53.71,41.37,107.42
O01183,2024-12-12,Grocery,Oil,Oil 538,East,3,9.91,8.38,29.73
O01184,2024-01-17,Fashion,Jacket,Jacket 927,South,3,71.53,43.3,214.59
O01185,2024-05-07,Fashion,Jacket,Jacket 382,East,1,51.21,35.49,51.21
O01186,2024-12-29,Home,Blender,Blender 427,North,2,82.65,62.13,165.3
O01187,2024-09-07,Electronics,Headphones,Headphones 692,North,4,419.27,269.13,1677.08
O01188,2024-06-27,Electronics,Headphones,Headphones 542,South,3,783.69,616.57,2351.07
O01189,2024-06-30,Grocery,Rice,Rice 482,West,4,23.34,18.2,93.36
O01190,2024-05-31,Fashion,T-shirt,T-shirt 283,South,2,128.13,108.7,256.26
O01191,2024-01-25,Electronics,Headphones,Headphones 770,West,1,646.45,497.55,646.45
O01192,2024-06-28,Grocery,Snacks,Snacks 689,South,5,9.17,6.93,45.85
O01193,2024-07-16,Grocery,Beverage,Beverage 531,South,3,20.97,15.09,62.91
O01194,2024-12-09,Grocery,Beverage,Beverage 919,West,4,45.65,36.91,182.6
O01195,2024-06-09,Electronics,Headphones,Headphones 313,South,4,676.27,489.98,2705.08
O01196,2024-06-25,Electronics,Laptop,Laptop 477,West,3,620.75,456.58,1862.25
O01197,2024-10-11,Fashion,Jacket,Jacket 138,South,2,85.81,70.6,171.62
O01198,2024-03-03,Grocery,Snacks,Snacks 619,East,4,24.76,14.97,99.04
O01199,2024-05-29,Grocery,Beverage,Beverage 910,North,3,22.39,17.44,67.17
O01200,2024-06-02,Fashion,Jacket,Jacket 338,West,3,92.7,70.56,278.1
